arm,score_key,k,bon_kl,proxy_mean,proxy_gain,proxy_within_prompt_sd,proxy_gain_pool_sd,failed,failure_reasons,proxy_gain_ci_low,proxy_gain_ci_high,mean_beat_v2,mean_beat_v2_coverage_floor_q25,mean_beat_v2_coverage_frozen_std,mean_beat_v2_coverage_raw,mean_beat_v2_v5_gap,mean_beat_v2_v5_mean,mean_beat_v5_beat_this,mean_beat_v5_beat_this_confidence,mean_beat_v5_coverage_floor_q25,mean_beat_v5_coverage_frozen_std,mean_beat_v5_coverage_raw,mean_beat_v5_detector_ensemble,mean_beat_v5_detector_ensemble_confidence,mean_beat_v5_detector_ensemble_confidence_floor_q25,mean_beat_v5_detector_ensemble_confidence_product,mean_beat_v5_detector_ensemble_coverage_floor_q25,mean_beat_v5_detector_ensemble_coverage_frozen_std,mean_beat_v5_detector_ensemble_coverage_raw,mean_beat_v5_detector_ensemble_dual_floor_q25,mean_beat_v5_detector_gap,mean_beat_v5_madmom,mean_beat_v5_madmom_confidence,mean_clipping_rate,mean_coverage,mean_invalid_rate,mean_musecritic_clarity,mean_musecritic_coherence,mean_musecritic_mean5,mean_musecritic_memorability,mean_musecritic_musicality,mean_musecritic_naturalness,mean_repetition_rate,mean_silence_rate,delta_beat_v2,delta_beat_v2_coverage_floor_q25,delta_beat_v2_coverage_frozen_std,delta_beat_v2_coverage_raw,delta_beat_v2_v5_gap,delta_beat_v2_v5_mean,delta_beat_v5_beat_this,delta_beat_v5_beat_this_confidence,delta_beat_v5_coverage_floor_q25,delta_beat_v5_coverage_frozen_std,delta_beat_v5_coverage_raw,delta_beat_v5_detector_ensemble,delta_beat_v5_detector_ensemble_confidence,delta_beat_v5_detector_ensemble_confidence_floor_q25,delta_beat_v5_detector_ensemble_confidence_product,delta_beat_v5_detector_ensemble_coverage_floor_q25,delta_beat_v5_detector_ensemble_coverage_frozen_std,delta_beat_v5_detector_ensemble_coverage_raw,delta_beat_v5_detector_ensemble_dual_floor_q25,delta_beat_v5_detector_gap,delta_beat_v5_madmom,delta_beat_v5_madmom_confidence,delta_clipping_rate,delta_coverage,delta_invalid_rate,delta_musecritic_clarity,delta_musecritic_coherence,delta_musecritic_mean5,delta_musecritic_memorability,delta_musecritic_musicality,delta_musecritic_naturalness,delta_repetition_rate,delta_silence_rate,control_budget_coverage,control_budget_coverage_ci_low,control_budget_coverage_ci_high,control_budget_musecritic_mean5,control_budget_musecritic_mean5_ci_low,control_budget_musecritic_mean5_ci_high,control_budget_invalid_rate,control_budget_invalid_rate_ci_low,control_budget_invalid_rate_ci_high,control_budget_silence_rate,control_budget_silence_rate_ci_low,control_budget_silence_rate_ci_high,control_budget_repetition_rate,control_budget_repetition_rate_ci_low,control_budget_repetition_rate_ci_high,confirmed_failed,confirmed_failure_reasons
beat_v2,beat_v2,1,0.0,0.7665260366441659,0.0,0.3062819137649982,0.0,False,,0.0,0.0,0.7665260366441659,0.6413545020663471,0.49458526924740664,0.7885884726349754,0.2443969513050811,0.6712821935006674,0.5543008425758731,1.0,0.5020376009589627,0.5395222153144937,0.693344629491477,0.5687925144300705,0.8613872654908603,0.06349690232367329,0.48815999975773505,0.4948768669785435,0.50440429065493,0.6897217115279277,-0.010418745127853679,0.032021461440309804,0.5760383503571691,1.0,0.0,0.8106509086257849,0.0,2.80859375,2.818359375,2.85078125,3.0,2.62109375,3.005859375,0.0,0.03202570813741235,0.0,0.0,0.0,0.0,0.0,0.0,0.0,0.0,0.0,0.0,0.0,0.0,0.0,0.0,0.0,0.0,0.0,0.0,0.0,0.0,0.0,0.0,0.0,0.0,0.0,0.0,0.0,0.0,0.0,0.0,0.0,0.0,0.0,0.0,0.0,0.0,0.0,0.0,0.0,-0.0,0.0,0.0,-0.0,0.0,0.0,-0.0,0.0,0.0,False,
beat_v2,beat_v2,2,0.1931471805599453,0.8664563726039136,0.09993033595974776,0.3062819137649982,0.32626913790417805,True,coverage,0.0059981684981685185,0.22257551669316372,0.8664563726039136,0.5264339418154521,0.5119431641548722,0.8239252750515643,0.30216414099712,0.7162312279430586,0.5439913095559991,1.0,0.3572086920571441,0.332883592096902,0.6737001303907094,0.5586678253734687,0.854883137787305,0.09760184643465655,0.47846790144427254,0.3484953020706453,0.2971985047304194,0.670031001436342,0.020083349026600125,0.03346830800116447,0.5660060832822037,1.0,0.0,0.781394177499215,0.0,2.7158203125,2.78125,2.8447265625,2.978515625,2.57421875,3.173828125,0.0,0.03248359287976681,0.09993033595974776,-0.11492056025089503,0.017357894907465532,0.035336802416588875,0.05776718969203892,0.04494903444239118,-0.010309533019874029,0.0,-0.14482890890181854,-0.20663862321759174,-0.0196444991007676,-0.010124689056601799,-0.006504127703555351,0.03410494411098326,-0.009692098313462516,-0.14638156490789822,-0.20720578592451055,-0.01969071009158574,0.030502094154453804,0.00144684656085467,-0.010032267074965406,0.0,0.0,-0.0292567311265699,0.0,-0.0927734375,-0.037109375,-0.006054687499999822,-0.021484375,-0.046875,0.16796875,0.0,0.00045788474235445437,-1.462836556328495,-5.100402198792274,1.3409385059601917,-0.12109374999999645,-1.40625,0.8085937499999973,-0.0,0.0,0.0,-0.02289423711772272,-1.13052025407148,1.2155359103633623,-0.0,0.0,0.0,False,
beat_v2,beat_v2,4,0.6362943611198906,0.8697530759006169,0.10322703925645105,0.3062819137649982,0.33703276170480756,True,coverage,0.009294871794871803,0.2238096693979047,0.8697530759006169,0.5107157718517976,0.43512862746967035,0.8177145417180887,0.30547419277277293,0.7178729053519355,0.5350856773143821,1.0,0.3414905220934896,0.25036279473637585,0.6658343711694072,0.5556903823069633,0.8632649023617796,0.10598361100913105,0.4792291736149795,0.3327771321069908,0.19894506105042264,0.6606831949212619,0.02734286746971573,0.031875075111408156,0.5659927348032541,1.0,0.0,0.7656760075355605,0.0,2.7001953125,2.80078125,2.8160156250000004,2.93359375,2.5634765625,3.08203125,0.0,0.03451617958126775,0.10322703925645105,-0.13063873021454953,-0.0594566417777363,0.029126069083113215,0.061077241467691834,0.04659071185126806,-0.01921516526149103,0.0,-0.16054707886547304,-0.2891594205781179,-0.02751025832206977,-0.01310213212310718,0.0018776368709192415,0.04248670868545776,-0.008930826142755532,-0.16209973487155271,-0.30545922960450733,-0.029038516606665787,0.03776161259756941,-0.00014638632890164732,-0.010045615553915033,0.0,0.0,-0.044974901090224395,0.0,-0.1083984375,-0.017578125,-0.03476562499999947,-0.06640625,-0.0576171875,0.076171875,0.0,0.002490471443855398,-2.2487450545112195,-5.886310696975,1.3133229880757296,-0.6953124999999893,-1.8437499999999996,0.22656249999999822,-0.0,0.0,0.0,-0.1245235721927699,-1.2895926893469896,1.113906575288315,-0.0,0.0,0.0,False,
beat_v2,beat_v2,8,1.2044415416798357,0.9161642411642412,0.14963820452007537,0.3062819137649982,0.48856363302891176,True,coverage,0.04166666666666667,0.27932054523182775,0.9161642411642412,0.683634243482308,0.5197121416940583,0.8414202138473741,0.3775938336292358,0.7273673243496233,0.5315906340976037,1.0,0.399530653399831,0.11026900874593967,0.6526232970327562,0.5362438163892047,0.949877960629799,0.27102399918966047,0.5125214777750647,0.3985056726795284,0.1009748586125391,0.6514600014598559,0.1959861056067746,0.007947791059937835,0.5385704075350053,1.0,0.0,0.7666761865305071,0.0,2.8203125,2.93359375,2.875,2.96484375,2.625,3.03125,0.0,0.032875696541582226,0.14963820452007537,0.0422797414159608,0.025126872446651682,0.05283174121239864,0.13319688232415472,0.05608513084895583,-0.022710208478269434,0.0,-0.10250694755913164,-0.42925320656855404,-0.04072133245872078,-0.0325486980408658,0.0884906951389387,0.2075270968659872,0.024361478017329685,-0.09637119429901508,-0.4034294320423909,-0.038261710068071775,0.20640485073462828,-0.02407367038037197,-0.03746794282216381,0.0,0.0,-0.04397472209527786,0.0,0.01171875,0.115234375,0.024218750000000178,-0.03515625,0.00390625,0.025390625,0.0,0.0008499884041698741,-2.198736104763893,-5.7096223950529055,1.2491614826753386,0.48437500000000355,-2.1914062500000018,4.664062499999997,-0.0,0.0,0.0,-0.042499420208493704,-0.9759460694105633,1.0850085520744184,-0.0,0.0,0.0,False,
beat_v2,beat_v2,16,1.8350887222397811,0.9540865384615385,0.1875605018173726,0.3062819137649982,0.6123786400305788,True,coverage,0.02788461538461541,0.3746928547585491,0.9540865384615385,0.5848423761439832,0.40431783113546715,0.8432028942879303,0.3991630041372652,0.7545050363929058,0.5487165107054293,1.0,0.3335188260471707,0.016721562675882706,0.6436213922192977,0.5528545264513254,0.944831798745001,0.22536876549032397,0.5266454946444259,0.3324928688881642,0.00891947376791255,0.6425868882828236,0.1299733018154104,0.008720540878495532,0.5549235343242732,1.0,0.0,0.7323192501143221,0.0,2.896484375,2.984375,2.921875,3.00390625,2.658203125,3.06640625,0.0,0.037927544454371374,0.1875605018173726,-0.05651212592236399,-0.09026743811193949,0.054614421652954825,0.1547660528321841,0.08322284289223836,-0.005584331870443826,0.0,-0.16851877491179196,-0.5228006526386111,-0.04972323727217931,-0.015937987978745127,0.0834445332541407,0.1618718631666507,0.03848549488669084,-0.1623839980903793,-0.4954848168870174,-0.047134823245104096,0.14039204694326407,-0.02330092056181427,-0.02111481603289589,0.0,0.0,-0.07833165851146284,0.0,0.087890625,0.166015625,0.07109375000000018,0.00390625,0.037109375,0.060546875,0.0,0.005901836316959022,-3.916582925573142,-7.099085166361463,-1.4149544743361289,1.4218750000000036,-1.4374999999999993,5.261718749999998,-0.0,0.0,0.0,-0.2950918158479511,-0.9764127378616116,0.35659605682099055,-0.0,0.0,0.0,True,coverage
beat_v5_madmom,beat_v5_madmom,1,0.0,0.5760383503571691,0.0,0.07437044130666401,0.0,False,,0.0,0.0,0.7665260366441659,0.6413545020663471,0.49458526924740664,0.7885884726349754,0.2443969513050811,0.6712821935006674,0.5543008425758731,1.0,0.5020376009589627,0.5395222153144937,0.693344629491477,0.5687925144300705,0.8613872654908603,0.06349690232367329,0.48815999975773505,0.4948768669785435,0.50440429065493,0.6897217115279277,-0.010418745127853679,0.032021461440309804,0.5760383503571691,1.0,0.0,0.8106509086257849,0.0,2.80859375,2.818359375,2.85078125,3.0,2.62109375,3.005859375,0.0,0.03202570813741235,0.0,0.0,0.0,0.0,0.0,0.0,0.0,0.0,0.0,0.0,0.0,0.0,0.0,0.0,0.0,0.0,0.0,0.0,0.0,0.0,0.0,0.0,0.0,0.0,0.0,0.0,0.0,0.0,0.0,0.0,0.0,0.0,0.0,0.0,0.0,0.0,0.0,0.0,0.0,-0.0,0.0,0.0,-0.0,0.0,0.0,-0.0,0.0,0.0,False,
beat_v5_madmom,beat_v5_madmom,2,0.1931471805599453,0.5760383503571691,0.0,0.07437044130666401,0.0,False,,0.0,0.0,0.7665260366441659,0.6413545020663471,0.49458526924740664,0.7885884726349754,0.2443969513050811,0.6712821935006674,0.5543008425758731,1.0,0.5020376009589627,0.5395222153144937,0.693344629491477,0.5687925144300705,0.8613872654908603,0.06349690232367329,0.48815999975773505,0.4948768669785435,0.50440429065493,0.6897217115279277,-0.010418745127853679,0.032021461440309804,0.5760383503571691,1.0,0.0,0.8106509086257849,0.0,2.80859375,2.818359375,2.85078125,3.0,2.62109375,3.005859375,0.0,0.03202570813741235,0.0,0.0,0.0,0.0,0.0,0.0,0.0,0.0,0.0,0.0,0.0,0.0,0.0,0.0,0.0,0.0,0.0,0.0,0.0,0.0,0.0,0.0,0.0,0.0,0.0,0.0,0.0,0.0,0.0,0.0,0.0,0.0,0.0,0.0,0.0,0.0,0.0,0.0,0.0,-0.0,0.0,0.0,-0.0,0.0,0.0,-0.0,0.0,0.0,False,
beat_v5_madmom,beat_v5_madmom,4,0.6362943611198906,0.6007355927357446,0.024697242378575512,0.07437044130666401,0.3320841176232539,True,coverage,0.0,0.06061740079577369,0.6276049167804231,0.4790958466198258,0.03778972675361725,0.6982226278133761,0.35007651753524316,0.6141702547580838,0.5286040922320963,0.9821428571428572,0.4479332278121374,0.4511009463619555,0.6847879657910368,0.5766917592345285,0.7327355386042413,-0.06515482456294558,0.4148898446660971,0.4255421335013172,0.32701278599299055,0.6727660490404288,-0.13907047201447253,0.07465320000040676,0.6007355927357446,0.9821428571428572,0.0,0.7688403388463292,0.0,2.8203125,2.77734375,2.83515625,2.994140625,2.640625,2.943359375,0.0,0.040370185509805284,-0.13892111986374278,-0.16225865544652135,-0.4567955424937894,-0.09036584482159937,0.10567956623016206,-0.05711193874258358,-0.02569675034377683,-0.017857142857142794,-0.05410437314682526,-0.08842126895253821,-0.00855666370044017,0.007899244804458028,-0.12865172688661897,-0.12865172688661886,-0.07327015509163798,-0.0693347334772263,-0.17739150466193943,-0.016955662487498913,-0.12865172688661886,0.04263173856009696,0.024697242378575512,-0.017857142857142794,0.0,-0.04181056977945574,0.0,0.01171875,-0.041015625,-0.015625,-0.005859375,0.01953125,-0.0625,0.0,0.008344477372392932,-2.090528488972787,-4.954662466091537,0.0,-0.3125,-1.5937500000000027,0.6562499999999993,-0.0,0.0,0.0,-0.4172238686196466,-1.0651785508966123,0.0,-0.0,0.0,0.0,False,
beat_v5_madmom,beat_v5_madmom,8,1.2044415416798357,0.6298694178206763,0.05383106746350719,0.07437044130666401,0.7238234238995113,True,coverage,0.01000292000114529,0.10127940289744505,0.6702649368963488,0.4173844602824348,0.1672226651747046,0.7249389665979035,0.28210768649446,0.6500671773585125,0.5243976999411881,0.9821428571428572,0.38734545280830385,0.6620204952161305,0.7047412070600672,0.5947121785275136,0.6454153076916046,-0.09959577846499851,0.36517970585920295,0.3647259312153116,0.4791681254967658,0.6871625874134859,-0.17351142591652546,0.10643387686980112,0.6298694178206763,0.9821428571428572,0.0,0.779612996299458,0.0,2.88671875,2.857421875,2.8939453124999996,2.94140625,2.6474609375,3.13671875,0.0,0.031758924162368904,-0.09626109974781705,-0.22397004178391233,-0.327362604072702,-0.06364950603707198,0.0377107351893789,-0.02121501614215493,-0.029903142634684965,-0.017857142857142794,-0.11469214815065881,0.12249827990163675,0.011396577568590138,0.025919664097443063,-0.2159719577992557,-0.16309268078867178,-0.1229802938985321,-0.1301509357632319,-0.02523616515816418,-0.002559124114441813,-0.16309268078867178,0.07441241542949131,0.05383106746350719,-0.017857142857142794,0.0,-0.03103791232632691,0.0,0.078125,0.0390625,0.04316406249999982,-0.05859375,0.0263671875,0.130859375,0.0,-0.00026678397504344836,-1.5518956163163455,-3.1562444055457313,-0.027255317914005872,0.8632812499999964,-1.7187500000000022,4.550781250000001,-0.0,0.0,0.0,0.013339198752172418,-0.6689232429380234,0.9245165204853529,-0.0,0.0,0.0,False,
beat_v5_madmom,beat_v5_madmom,16,1.8350887222397811,0.6753337291754349,0.09929537881826578,0.07437044130666401,1.335145752447866,True,coverage;musecritic_mean5,0.04627555051563227,0.1604374643698154,0.6819960996310623,0.2924014583815262,0.10785829416551924,0.7232344686495883,0.248374537874415,0.6786649144032486,0.5357529556627019,0.9613095238095238,0.35044481002113415,0.823566443815455,0.7199032834217747,0.6288068046711905,0.5220017531409402,-0.37222496825323836,0.3136362942829991,0.3161970435055038,0.5807143206736369,0.6966398211696525,-0.46649818579679303,0.1411321317820715,0.6753337291754349,0.9613095238095238,0.0,0.7644728376681142,0.0,2.716796875,2.587890625,2.642578125,2.75390625,2.291015625,2.86328125,0.0,0.03736552110579217,-0.08452993701310352,-0.34895304368482094,-0.3867269750818874,-0.06535400398538715,0.003977586569333891,0.007382720902581186,-0.01854788691317122,-0.038690476190476164,-0.15159279093782851,0.2840442285009612,0.02655865393029766,0.06001429024112004,-0.3393855123499201,-0.43572187057691164,-0.17452370547473595,-0.17867982347303968,0.07631003001870695,0.00691810964172479,-0.45607944066893935,0.10911067034176171,0.09929537881826578,-0.038690476190476164,0.0,-0.04617807095767068,0.0,-0.091796875,-0.23046875,-0.20820312499999982,-0.24609375,-0.330078125,-0.142578125,0.0,0.00533981296837982,-2.308903547883534,-4.831667081378789,0.27498925158100856,-4.1640624999999964,-13.50400390625,3.6835937500000004,-0.0,0.0,0.0,-0.266990648418991,-0.7972170377801736,0.3308205023898475,-0.0,0.0,0.0,False,
beat_v5_beat_this,beat_v5_beat_this,1,0.0,0.5543008425758731,0.0,0.07823426415276927,0.0,False,,0.0,0.0,0.7665260366441659,0.6413545020663471,0.49458526924740664,0.7885884726349754,0.2443969513050811,0.6712821935006674,0.5543008425758731,1.0,0.5020376009589627,0.5395222153144937,0.693344629491477,0.5687925144300705,0.8613872654908603,0.06349690232367329,0.48815999975773505,0.4948768669785435,0.50440429065493,0.6897217115279277,-0.010418745127853679,0.032021461440309804,0.5760383503571691,1.0,0.0,0.8106509086257849,0.0,2.80859375,2.818359375,2.85078125,3.0,2.62109375,3.005859375,0.0,0.03202570813741235,0.0,0.0,0.0,0.0,0.0,0.0,0.0,0.0,0.0,0.0,0.0,0.0,0.0,0.0,0.0,0.0,0.0,0.0,0.0,0.0,0.0,0.0,0.0,0.0,0.0,0.0,0.0,0.0,0.0,0.0,0.0,0.0,0.0,0.0,0.0,0.0,0.0,0.0,0.0,-0.0,0.0,0.0,-0.0,0.0,0.0,-0.0,0.0,0.0,False,
beat_v5_beat_this,beat_v5_beat_this,2,0.1931471805599453,0.5543008425758731,0.0,0.07823426415276927,0.0,False,,0.0,0.0,0.7665260366441659,0.6413545020663471,0.49458526924740664,0.7885884726349754,0.2443969513050811,0.6712821935006674,0.5543008425758731,1.0,0.5020376009589627,0.5395222153144937,0.693344629491477,0.5687925144300705,0.8613872654908603,0.06349690232367329,0.48815999975773505,0.4948768669785435,0.50440429065493,0.6897217115279277,-0.010418745127853679,0.032021461440309804,0.5760383503571691,1.0,0.0,0.8106509086257849,0.0,2.80859375,2.818359375,2.85078125,3.0,2.62109375,3.005859375,0.0,0.03202570813741235,0.0,0.0,0.0,0.0,0.0,0.0,0.0,0.0,0.0,0.0,0.0,0.0,0.0,0.0,0.0,0.0,0.0,0.0,0.0,0.0,0.0,0.0,0.0,0.0,0.0,0.0,0.0,0.0,0.0,0.0,0.0,0.0,0.0,0.0,0.0,0.0,0.0,0.0,0.0,-0.0,0.0,0.0,-0.0,0.0,0.0,-0.0,0.0,0.0,False,
beat_v5_beat_this,beat_v5_beat_this,4,0.6362943611198906,0.5606957146639079,0.0063948720880347976,0.07823426415276927,0.08174004264355872,True,coverage,0.0,0.01821341612950063,0.650699308727274,0.5021902385666768,0.06883976595870632,0.7089664330105889,0.2950976745625375,0.607147216450787,0.5606957146639079,0.9821428571428572,0.4107927592506927,0.2458254567561212,0.6654143407341019,0.5626286543375025,0.9183858682504595,0.18269843208239855,0.5200956731950905,0.41147902860429125,0.24394153903998303,0.6649311058157032,0.10878278463087158,0.010921507240453966,0.5635951241742999,0.9821428571428572,0.0,0.7672335572939039,0.0,2.78515625,2.931640625,2.830078125,2.99609375,2.630859375,2.806640625,0.0,0.03790700981261487,-0.11582672791689186,-0.13916426349967037,-0.4257455032887003,-0.07962203962438652,0.05070072325745639,-0.06413497704988047,0.0063948720880347976,-0.017857142857142794,-0.09124484170826996,-0.2936967585583725,-0.027930288757375132,-0.006163860092567974,0.056998602759599226,0.11920152975872526,0.03193567343735548,-0.08339783837425224,-0.2604627516149469,-0.024790605712224467,0.11920152975872526,-0.021099954199855837,-0.012443226182869194,-0.017857142857142794,0.0,-0.04341735133188107,0.0,-0.0234375,0.11328125,-0.020703124999999822,-0.00390625,0.009765625,-0.19921875,0.0,0.005881301675202517,-2.1708675665940533,-5.080535711222792,0.0,-0.41406249999999645,-1.898437500000002,0.6562499999999993,-0.0,0.0,0.0,-0.29406508376012586,-0.9719320234154486,0.08973677213507048,-0.0,0.0,0.0,False,
beat_v5_beat_this,beat_v5_beat_this,8,1.2044415416798357,0.6146026396555724,0.06030179707969929,0.07823426415276927,0.7707849972480988,True,coverage;musecritic_mean5,0.011523897543315426,0.11955919625429141,0.7047978243021347,0.5585884347212337,0.23561707730079137,0.7430978426188543,0.23443807322058297,0.6231842881782768,0.6146026396555724,1.0,0.4232044924809607,0.20339395161763862,0.6614843064949963,0.5659147145881367,0.7454710158568082,-0.0706405921866706,0.43475648913477566,0.4236162167433156,0.3356821879401235,0.6736562877618553,-0.0706405921866706,0.07824061609812522,0.5415707520544187,1.0,0.0,0.7813978609355741,0.0,2.65234375,2.783203125,2.7546875,2.830078125,2.4140625,3.09375,0.0,0.025730232826848803,-0.061728212342031186,-0.08276606734511349,-0.25896819194661524,-0.04549063001612119,-0.009958878084498135,-0.048097905322390666,0.06030179707969929,0.0,-0.07883310847800196,-0.3361282636968551,-0.03186032299648067,-0.0028777998419338147,-0.11591624963405212,-0.1341374945103439,-0.053403510622959394,-0.07126065023522787,-0.16872210271480648,-0.01606542376607245,-0.06022184705881692,0.04621915465781541,-0.03446759830275037,0.0,0.0,-0.029253047690210865,0.0,-0.15625,-0.03515625,-0.09609374999999964,-0.169921875,-0.20703125,0.087890625,0.0,-0.006295475310563549,-1.4626523845105432,-3.9270231213872826,0.15318541010535258,-1.921874999999993,-3.555078125,-0.5156249999999996,-0.0,0.0,0.0,0.31477376552817743,-0.342329167774528,1.1488868383820299,-0.0,0.0,0.0,False,
beat_v5_beat_this,beat_v5_beat_this,16,1.8350887222397811,0.6715459996563378,0.11724515708046468,0.07823426415276927,1.4986420381166778,True,coverage;musecritic_mean5,0.0666429745167093,0.16907492850963843,0.6866884893963068,0.49664908739558306,0.20615497794625182,0.7341856491767347,0.21715833444404836,0.6092470934676523,0.6715459996563378,0.9791666666666667,0.3518556094688986,0.1531331826067444,0.6567442532480803,0.5783857982447779,0.5213546828557287,-0.3624154031903345,0.33330735788733856,0.37313629316150326,0.4033697427668853,0.6800343036009704,-0.3624154031903345,0.14300328121025296,0.5318056975389979,0.9791666666666667,0.0,0.7816828089571629,0.0,2.568359375,2.580078125,2.53125,2.56640625,2.119140625,2.822265625,0.0,0.03208856719970754,-0.07983754724785908,-0.1447054146707641,-0.28843029130115483,-0.05440282345824077,-0.02723861686103274,-0.062035100033015156,0.11724515708046468,-0.02083333333333326,-0.15018199149006406,-0.3863890327077493,-0.03660037624339674,0.009593283814707365,-0.3400325826351316,-0.42591230551400777,-0.1548526418703965,-0.12174057381704023,-0.10103454788804467,-0.009687407926957325,-0.3519966580624808,0.11098181976994316,-0.044232652818171236,-0.02083333333333326,0.0,-0.028968099668622016,0.0,-0.240234375,-0.23828125,-0.3195312499999998,-0.43359375,-0.501953125,-0.18359375,0.0,6.285906229518828e-05,-1.4484049834311008,-4.442392309417391,0.8949745569770832,-6.3906249999999964,-16.351953124999998,5.070898437499995,-0.0,0.0,0.0,-0.003142953114759414,-0.7204749185255311,0.7101730683376393,-0.0,0.0,0.0,False,
beat_v5_detector_ensemble,beat_v5_detector_ensemble,1,0.0,0.5687925144300705,0.0,0.06466446836960785,0.0,False,,0.0,0.0,0.7665260366441659,0.6413545020663471,0.49458526924740664,0.7885884726349754,0.2443969513050811,0.6712821935006674,0.5543008425758731,1.0,0.5020376009589627,0.5395222153144937,0.693344629491477,0.5687925144300705,0.8613872654908603,0.06349690232367329,0.48815999975773505,0.4948768669785435,0.50440429065493,0.6897217115279277,-0.010418745127853679,0.032021461440309804,0.5760383503571691,1.0,0.0,0.8106509086257849,0.0,2.80859375,2.818359375,2.85078125,3.0,2.62109375,3.005859375,0.0,0.03202570813741235,0.0,0.0,0.0,0.0,0.0,0.0,0.0,0.0,0.0,0.0,0.0,0.0,0.0,0.0,0.0,0.0,0.0,0.0,0.0,0.0,0.0,0.0,0.0,0.0,0.0,0.0,0.0,0.0,0.0,0.0,0.0,0.0,0.0,0.0,0.0,0.0,0.0,0.0,0.0,-0.0,0.0,0.0,-0.0,0.0,0.0,-0.0,0.0,0.0,False,
beat_v5_detector_ensemble,beat_v5_detector_ensemble,2,0.1931471805599453,0.5687925144300705,0.0,0.06466446836960785,0.0,False,,0.0,0.0,0.7665260366441659,0.6413545020663471,0.49458526924740664,0.7885884726349754,0.2443969513050811,0.6712821935006674,0.5543008425758731,1.0,0.5020376009589627,0.5395222153144937,0.693344629491477,0.5687925144300705,0.8613872654908603,0.06349690232367329,0.48815999975773505,0.4948768669785435,0.50440429065493,0.6897217115279277,-0.010418745127853679,0.032021461440309804,0.5760383503571691,1.0,0.0,0.8106509086257849,0.0,2.80859375,2.818359375,2.85078125,3.0,2.62109375,3.005859375,0.0,0.03202570813741235,0.0,0.0,0.0,0.0,0.0,0.0,0.0,0.0,0.0,0.0,0.0,0.0,0.0,0.0,0.0,0.0,0.0,0.0,0.0,0.0,0.0,0.0,0.0,0.0,0.0,0.0,0.0,0.0,0.0,0.0,0.0,0.0,0.0,0.0,0.0,0.0,0.0,0.0,0.0,-0.0,0.0,0.0,-0.0,0.0,0.0,-0.0,0.0,0.0,False,
beat_v5_detector_ensemble,beat_v5_detector_ensemble,4,0.6362943611198906,0.5766917592345285,0.007899244804458028,0.06466446836960785,0.12215742282620629,True,coverage,0.0,0.017637052810577612,0.6276049167804231,0.4790958466198258,0.03778972675361725,0.6982226278133761,0.35007651753524316,0.6141702547580838,0.5286040922320963,0.9821428571428572,0.4479332278121374,0.4511009463619555,0.6847879657910368,0.5766917592345285,0.7327355386042413,-0.06515482456294558,0.4148898446660971,0.4255421335013172,0.32701278599299055,0.6727660490404288,-0.13907047201447253,0.07465320000040676,0.6007355927357446,0.9821428571428572,0.0,0.7688403388463292,0.0,2.8203125,2.77734375,2.83515625,2.994140625,2.640625,2.943359375,0.0,0.040370185509805284,-0.13892111986374278,-0.16225865544652135,-0.4567955424937894,-0.09036584482159937,0.10567956623016206,-0.05711193874258358,-0.02569675034377683,-0.017857142857142794,-0.05410437314682526,-0.08842126895253821,-0.00855666370044017,0.007899244804458028,-0.12865172688661897,-0.12865172688661886,-0.07327015509163798,-0.0693347334772263,-0.17739150466193943,-0.016955662487498913,-0.12865172688661886,0.04263173856009696,0.024697242378575512,-0.017857142857142794,0.0,-0.04181056977945574,0.0,0.01171875,-0.041015625,-0.015625,-0.005859375,0.01953125,-0.0625,0.0,0.008344477372392932,-2.090528488972787,-4.954662466091537,0.0,-0.3125,-1.5937500000000027,0.6562499999999993,-0.0,0.0,0.0,-0.4172238686196466,-1.0651785508966123,0.0,-0.0,0.0,0.0,False,
beat_v5_detector_ensemble,beat_v5_detector_ensemble,8,1.2044415416798357,0.5947121785275136,0.025919664097443063,0.06466446836960785,0.4008331739355217,True,coverage,0.006491872004079691,0.04766497356738501,0.6702649368963488,0.4173844602824348,0.1672226651747046,0.7249389665979035,0.28210768649446,0.6500671773585125,0.5243976999411881,0.9821428571428572,0.38734545280830385,0.6620204952161305,0.7047412070600672,0.5947121785275136,0.6454153076916046,-0.09959577846499851,0.36517970585920295,0.3647259312153116,0.4791681254967658,0.6871625874134859,-0.17351142591652546,0.10643387686980112,0.6298694178206763,0.9821428571428572,0.0,0.779612996299458,0.0,2.88671875,2.857421875,2.8939453124999996,2.94140625,2.6474609375,3.13671875,0.0,0.031758924162368904,-0.09626109974781705,-0.22397004178391233,-0.327362604072702,-0.06364950603707198,0.0377107351893789,-0.02121501614215493,-0.029903142634684965,-0.017857142857142794,-0.11469214815065881,0.12249827990163675,0.011396577568590138,0.025919664097443063,-0.2159719577992557,-0.16309268078867178,-0.1229802938985321,-0.1301509357632319,-0.02523616515816418,-0.002559124114441813,-0.16309268078867178,0.07441241542949131,0.05383106746350719,-0.017857142857142794,0.0,-0.03103791232632691,0.0,0.078125,0.0390625,0.04316406249999982,-0.05859375,0.0263671875,0.130859375,0.0,-0.00026678397504344836,-1.5518956163163455,-3.1877227587136714,-0.15104108940851776,0.8632812499999964,-1.5937500000000027,4.550781250000001,-0.0,0.0,0.0,0.013339198752172418,-0.6690412662146128,0.8907129630932885,-0.0,0.0,0.0,False,
beat_v5_detector_ensemble,beat_v5_detector_ensemble,16,1.8350887222397811,0.6317976194498627,0.06300510501979217,0.06466446836960785,0.9743388696813973,True,coverage;musecritic_mean5,0.027468039642899195,0.10160583831296215,0.7337146053142265,0.40080897751173883,0.22633471815858253,0.7519596692098176,0.19257624273722249,0.6952208319034078,0.5819387413644095,0.9613095238095238,0.34323794712522726,0.7550165890849727,0.713465895798999,0.6317976194498627,0.5557288663467053,-0.33849785504747326,0.3518470278754115,0.3232145855101129,0.626655487340445,0.7010011762776358,-0.4124135024990002,0.11834749018833698,0.6567270584925892,0.9613095238095238,0.0,0.7702047331054088,0.0,2.689453125,2.689453125,2.7083984375,2.90234375,2.4130859375,2.84765625,0.0,0.044651974976456454,-0.032811431329939356,-0.24054552455460831,-0.2682505510888241,-0.03662880342515784,-0.051820708567858614,0.023938638402740353,0.027637898788536397,-0.038690476190476164,-0.1587996538337354,0.21549437377047898,0.02012126630752198,0.06300510501979217,-0.30565839914415505,-0.40199475737114654,-0.13631297188232355,-0.1716622814684306,0.12225119668551498,0.01127946474970809,-0.40199475737114654,0.08632602874802718,0.08068870813542006,-0.038690476190476164,0.0,-0.040446175520376104,0.0,-0.119140625,-0.12890625,-0.14238281249999973,-0.09765625,-0.2080078125,-0.158203125,0.0,0.012626266839044102,-2.022308776018805,-4.801753438141808,0.8732344812642182,-2.8476562499999947,-13.707031249999998,7.86328125,-0.0,0.0,0.0,-0.6313133419522051,-1.7712446117504876,0.3187122156876091,-0.0,0.0,0.0,False,
beat_v2_v5_mean,beat_v2_v5_mean,1,0.0,0.6712821935006674,0.0,0.16283919771553967,0.0,False,,0.0,0.0,0.7665260366441659,0.6413545020663471,0.49458526924740664,0.7885884726349754,0.2443969513050811,0.6712821935006674,0.5543008425758731,1.0,0.5020376009589627,0.5395222153144937,0.693344629491477,0.5687925144300705,0.8613872654908603,0.06349690232367329,0.48815999975773505,0.4948768669785435,0.50440429065493,0.6897217115279277,-0.010418745127853679,0.032021461440309804,0.5760383503571691,1.0,0.0,0.8106509086257849,0.0,2.80859375,2.818359375,2.85078125,3.0,2.62109375,3.005859375,0.0,0.03202570813741235,0.0,0.0,0.0,0.0,0.0,0.0,0.0,0.0,0.0,0.0,0.0,0.0,0.0,0.0,0.0,0.0,0.0,0.0,0.0,0.0,0.0,0.0,0.0,0.0,0.0,0.0,0.0,0.0,0.0,0.0,0.0,0.0,0.0,0.0,0.0,0.0,0.0,0.0,0.0,-0.0,0.0,0.0,-0.0,0.0,0.0,-0.0,0.0,0.0,False,
beat_v2_v5_mean,beat_v2_v5_mean,2,0.1931471805599453,0.7165670681214953,0.045284874620827864,0.16283919771553967,0.2780956628141527,False,,0.0,0.10964961801769355,0.8604582041057451,0.6087793631610402,0.5676831863634697,0.827216650564014,0.2894961236439095,0.7165670681214953,0.5469670514563545,1.0,0.41321272416444915,0.4342277815139433,0.6833255145797644,0.5641063052436153,0.875464201023381,0.11818290967073251,0.49136240129128045,0.405015551301792,0.3920578848579845,0.6790407011329491,0.040664412262676086,0.029774201046477905,0.5726759321372457,1.0,0.0,0.7939750970222832,0.0,2.6728515625,2.806640625,2.8330078125,3.0078125,2.58203125,3.095703125,0.0,0.03094088564403688,0.09393216746157929,-0.032575138905306944,0.07309791711606306,0.03862817792903861,0.045099172338828375,0.045284874620827864,-0.007333791119518596,0.0,-0.08882487679451351,-0.10529443380055042,-0.01001911491171259,-0.004686209186455237,0.014076935532520651,0.05468600734705922,0.003202401533545396,-0.08986131567675149,-0.11234640579694549,-0.010681010394978596,0.051083157390529765,-0.0022472603938318986,-0.0033624182199234465,0.0,0.0,-0.016675811603501733,0.0,-0.1357421875,-0.01171875,-0.017773437499999822,0.0078125,-0.0390625,0.08984375,0.0,-0.0010848224933754716,-0.8337905801750867,-4.471356222638871,1.9699844821135946,-0.35546874999999645,-1.40625,0.22939453124998274,-0.0,0.0,0.0,0.05424112466877358,-1.1299478981435378,1.2926712721498586,-0.0,0.0,0.0,False,
beat_v2_v5_mean,beat_v2_v5_mean,4,0.6362943611198906,0.7178729053519355,0.04659071185126806,0.16283919771553967,0.2861148452269851,True,coverage,0.0,0.10516089803981571,0.8697530759006169,0.5107157718517976,0.43512862746967035,0.8177145417180887,0.30547419277277293,0.7178729053519355,0.5350856773143821,1.0,0.3414905220934896,0.25036279473637585,0.6658343711694072,0.5556903823069633,0.8632649023617796,0.10598361100913105,0.4792291736149795,0.3327771321069908,0.19894506105042264,0.6606831949212619,0.02734286746971573,0.031875075111408156,0.5659927348032541,1.0,0.0,0.7656760075355605,0.0,2.7001953125,2.80078125,2.8160156250000004,2.93359375,2.5634765625,3.08203125,0.0,0.03451617958126775,0.10322703925645105,-0.13063873021454953,-0.0594566417777363,0.029126069083113215,0.061077241467691834,0.04659071185126806,-0.01921516526149103,0.0,-0.16054707886547304,-0.2891594205781179,-0.02751025832206977,-0.01310213212310718,0.0018776368709192415,0.04248670868545776,-0.008930826142755532,-0.16209973487155271,-0.30545922960450733,-0.029038516606665787,0.03776161259756941,-0.00014638632890164732,-0.010045615553915033,0.0,0.0,-0.044974901090224395,0.0,-0.1083984375,-0.017578125,-0.03476562499999947,-0.06640625,-0.0576171875,0.076171875,0.0,0.002490471443855398,-2.2487450545112195,-6.644603677273264,1.3133229880757296,-0.6953124999999893,-1.7464843749999988,0.22656249999999822,-0.0,0.0,0.0,-0.1245235721927699,-1.290070686988441,1.113906575288315,-0.0,0.0,0.0,False,
beat_v2_v5_mean,beat_v2_v5_mean,8,1.2044415416798357,0.7280503034070802,0.05676810990641279,0.16283919771553967,0.348614527109006,True,coverage,0.008616699863053301,0.11368137946727183,0.9092948717948718,0.6767648741129386,0.4520651188131607,0.8326567719372558,0.3624891367755831,0.7280503034070802,0.5391709088215251,1.0,0.40776598088411437,0.09801256378432602,0.6514122035494644,0.5442607929533676,0.9456247319979164,0.2790409757538232,0.518735853602713,0.4065226492436912,0.08762236219487743,0.6501397325165037,0.20400308217093732,0.00859698518807659,0.5468057350192886,1.0,0.0,0.75601867207964,0.0,2.82421875,2.958984375,2.8863281250000004,2.953125,2.62109375,3.07421875,0.0,0.0345374886181576,0.14276883515070593,0.035410372046591476,-0.04252015043424595,0.0440682993022804,0.11809218547050199,0.05676810990641279,-0.015129933754348013,0.0,-0.0942716200748483,-0.44150965153016775,-0.04193242594201263,-0.024531721476702906,0.0842374665070561,0.21554407343014992,0.030575853844977963,-0.0883542177348523,-0.4167819284600526,-0.03958197901142402,0.214421827298791,-0.023424476252233213,-0.029232615337880463,0.0,0.0,-0.05463223654614491,0.0,0.015625,0.140625,0.03554687500000053,-0.046875,0.0,0.068359375,0.0,0.0025117804807452473,-2.7316118273072454,-5.709592323192633,-0.22567991346020833,0.7109375000000107,-1.9140625000000022,4.550781249999998,-0.0,0.0,0.0,-0.12558902403726235,-0.9759460694105633,0.8646377638020081,-0.0,0.0,0.0,False,
beat_v2_v5_mean,beat_v2_v5_mean,16,1.8350887222397811,0.7636093227150679,0.09232712921440045,0.16283919771553967,0.566983444463321,True,coverage;musecritic_mean5,0.017687098516688565,0.19519926759643136,0.9115390588661391,0.5519285466825107,0.4371832255922823,0.8319946594331002,0.2958594723021424,0.7636093227150679,0.5971434360322455,0.9613095238095238,0.38677222342927553,0.4443305931588777,0.6840649232820291,0.6095008697200797,0.7696155486978641,0.012967760281397345,0.468308210928476,0.3748151189827584,0.41517935382103854,0.6809755648600706,-0.08130545726215735,0.055443609410372845,0.6156795865639967,0.9613095238095238,0.0,0.7524502600000614,0.0,2.482421875,2.37109375,2.4197265625,2.541015625,2.0615234375,2.642578125,0.0,0.0437301320877167,0.1450130222219732,-0.08942595538383646,-0.05740204365512436,0.0434061867981248,0.05146252099706128,0.09232712921440045,0.042842593456372424,-0.038690476190476164,-0.11526537752968713,-0.09519162215561605,-0.009279706209447958,0.04070835529000916,-0.09177171679299623,-0.050529142042275946,-0.01985178882925903,-0.12006174799578512,-0.08922493683389143,-0.008746146667857113,-0.07088671213430367,0.02342214797006304,0.03964123620682758,-0.038690476190476164,0.0,-0.058200648625723495,0.0,-0.326171875,-0.447265625,-0.43105468749999964,-0.458984375,-0.5595703125,-0.36328125,0.0,0.011704423950304348,-2.9100324312861745,-6.1222185770756115,0.28071834531296996,-8.621093749999993,-16.395898437499994,-2.1674804687500027,-0.0,0.0,0.0,-0.5852211975152174,-1.6888582747667298,0.3861204604387708,-0.0,0.0,0.0,True,musecritic_mean5
musecritic_mean5,musecritic_mean5,1,0.0,2.85078125,0.0,0.43276310136776946,0.0,False,,0.0,0.0,0.7665260366441659,0.6413545020663471,0.49458526924740664,0.7885884726349754,0.2443969513050811,0.6712821935006674,0.5543008425758731,1.0,0.5020376009589627,0.5395222153144937,0.693344629491477,0.5687925144300705,0.8613872654908603,0.06349690232367329,0.48815999975773505,0.4948768669785435,0.50440429065493,0.6897217115279277,-0.010418745127853679,0.032021461440309804,0.5760383503571691,1.0,0.0,0.8106509086257849,0.0,2.80859375,2.818359375,2.85078125,3.0,2.62109375,3.005859375,0.0,0.03202570813741235,0.0,0.0,0.0,0.0,0.0,0.0,0.0,0.0,0.0,0.0,0.0,0.0,0.0,0.0,0.0,0.0,0.0,0.0,0.0,0.0,0.0,0.0,0.0,0.0,0.0,0.0,0.0,0.0,0.0,0.0,0.0,0.0,0.0,0.0,0.0,0.0,0.0,0.0,0.0,-0.0,0.0,0.0,-0.0,0.0,0.0,-0.0,0.0,0.0,False,
musecritic_mean5,musecritic_mean5,2,0.1931471805599453,2.9505859374999996,0.09980468749999982,0.43276310136776946,0.23062198968572437,True,coverage,0.005664062499999956,0.2646484374999999,0.7949674230080874,0.4549449922196259,0.33660597394916214,0.7831163688985464,0.2890260783729734,0.677409016330643,0.5384509660679764,1.0,0.35105321842813886,0.2471279519889842,0.6655579622211019,0.552717395124791,0.8487792772366292,0.050888914069442265,0.47033983598686235,0.3425448718219676,0.21248416689206168,0.6619913549568982,-0.026629583338614163,0.03440685973440412,0.5598506096531984,1.0,0.0,0.7712653147890054,0.0,2.8349609375,2.935546875,2.9505859374999996,3.0859375,2.765625,3.130859375,0.0,0.040177346589642185,0.028441386363921572,-0.18640950984672122,-0.1579792952982445,-0.005472103736429035,0.044629127067892294,0.0061268228299755645,-0.01584987650789671,0.0,-0.1509843825308238,-0.29239426332550955,-0.027786667270375154,-0.016075119305279495,-0.01260798825423115,-0.012607988254231026,-0.0178201637708727,-0.15233199515657592,-0.2919201237628683,-0.027730356571029513,-0.016210838210760484,0.0023853982940943153,-0.016187740703970666,0.0,0.0,-0.03938559383677953,0.0,0.0263671875,0.1171875,0.09980468749999982,0.0859375,0.14453125,0.125,0.0,0.008151638452229833,-1.9692796918389766,-5.100402198792274,0.3004367170547584,1.9960937499999964,0.11328124999999911,5.292968749999997,-0.0,0.0,0.0,-0.4075819226114916,-1.2070832599300343,0.0924054771123682,-0.0,0.0,0.0,False,
musecritic_mean5,musecritic_mean5,4,0.6362943611198906,3.18046875,0.32968750000000036,0.43276310136776946,0.7618198015450174,True,coverage,0.12810546874999998,0.531259765625,0.7290582248093355,0.5597565499119033,0.2961155764970561,0.7570416676431919,0.23908108393198507,0.628412433891526,0.5069036860793907,1.0,0.4067387632808901,0.14925803665664125,0.6563958767253824,0.5208123240089413,0.8459366639821599,0.07887535744786625,0.43807548852297284,0.39818508286154997,0.11531875939290201,0.6529187172429948,0.007329885661475237,0.03487277272709572,0.5277666429737166,1.0,0.0,0.7850251104770483,0.0,3.16015625,3.1953125,3.18046875,3.177734375,3.048828125,3.3203125,0.0,0.03238482396788347,-0.03746781183483039,-0.08159795215444388,-0.19846969275035053,-0.03154680499178353,-0.005315867373096028,-0.04286975960914141,-0.04739715649648235,0.0,-0.09529883767807257,-0.39026417865785246,-0.03694875276609466,-0.04798019042112922,-0.015450601508700368,0.01537845512419296,-0.05008451123476221,-0.09669178411699353,-0.38908553126202794,-0.036802994284932944,0.017748630789328916,0.0028513112867859167,-0.048271707383452545,0.0,0.0,-0.025625798148736667,0.0,0.3515625,0.376953125,0.32968750000000036,0.177734375,0.427734375,0.314453125,0.0,0.0003591158304711156,-1.2812899074368334,-3.2477268383559723,0.3017195438545316,6.593750000000007,2.7646484375,10.532031249999996,-0.0,0.0,0.0,-0.01795579152355578,-0.930617705113527,0.8639890143839536,-0.0,0.0,0.0,False,
musecritic_mean5,musecritic_mean5,8,1.2044415416798357,3.29921875,0.44843750000000027,0.43276310136776946,1.036219350916682,True,coverage,0.256220703125,0.6254296874999997,0.7565418980471798,0.5029754418665722,0.19395077465052674,0.7565669607504413,0.2914715018895837,0.6288439723128658,0.5044555579557687,1.0,0.32354097039651997,-0.14097944493868608,0.6288690350161273,0.5022492170376243,0.9404215490745863,0.36296993921182386,0.4757663081670368,0.322974658845796,-0.13235522739553843,0.6294206202456635,0.2347771503809959,0.009727570574118986,0.501146046578552,1.0,0.0,0.7565920234537027,0.0,3.275390625,3.322265625,3.29921875,3.302734375,3.220703125,3.375,0.0,0.03187205946992014,-0.009984138596986103,-0.13837906019977497,-0.3006344945968799,-0.03202151188453417,0.047074550584502606,-0.042438221187801606,-0.0498452846201044,0.0,-0.1784966305624427,-0.6805016602531798,-0.06447559447534967,-0.06654329739244624,0.079034283583726,0.2994730368881506,-0.012393691590698253,-0.17190220813274748,-0.6367595180504684,-0.06030109128226424,0.24519589550884957,-0.022293890866190817,-0.07489230377861711,0.0,0.0,-0.05405888517208224,0.0,0.466796875,0.50390625,0.44843750000000027,0.302734375,0.599609375,0.369140625,0.0,-0.00015364866749221356,-2.702944258604112,-5.487041123783902,0.054464729799941214,8.968750000000005,5.070312499999998,12.617578124999996,-0.0,0.0,0.0,0.007682433374610678,-0.898709695529628,0.8715893818224607,-0.0,0.0,0.0,False,
musecritic_mean5,musecritic_mean5,16,1.8350887222397811,3.703125,0.8523437500000002,0.43276310136776946,1.9695388708189887,True,coverage,0.5230468749999999,1.163681640625,0.6257203953316386,0.40035933496670073,-0.021095188380544555,0.6919745641809716,0.24140945849710482,0.5721714790571251,0.5255706495003636,0.9821428571428572,0.27653525901059206,-0.03976728793790438,0.6384256479064581,0.520938591688529,0.9102358929253676,0.27906532959555147,0.4778081942785036,0.2759239070824661,-0.02457210978405991,0.6395836623594167,0.15537067065444987,0.012467705201854716,0.5186225627826117,0.9821428571428572,0.0,0.7582287330303044,0.0,3.6484375,3.77734375,3.703125,3.765625,3.712890625,3.611328125,0.0,0.029576061631932327,-0.14080564131252726,-0.2409951670996464,-0.5156804576279512,-0.09661390845400386,-0.0029874928079762775,-0.09911071444354236,-0.028730193075509503,-0.017857142857142794,-0.2255023419483706,-0.5792895032523981,-0.054918981585018956,-0.047853922741541544,0.04884862743450724,0.2155684272718782,-0.01035180547923148,-0.21895295989607738,-0.5289764004389899,-0.050138049168511056,0.16578941578230355,-0.019553756238455088,-0.05741578757455745,-0.017857142857142794,0.0,-0.05242217559548057,0.0,0.83984375,0.958984375,0.8523437500000002,0.765625,1.091796875,0.60546875,0.0,-0.0024496465054800257,-2.6211087797740285,-4.853329796123427,-0.3884296543710793,17.046875000000004,10.608789062499998,23.070703124999994,-0.0,0.0,0.0,0.12248232527400128,-0.674300919935439,0.9583579856371437,-0.0,0.0,0.0,False,
beat_v2_coverage_raw,beat_v2_coverage_raw,1,0.0,0.7885884726349754,0.0,0.15298555218859228,0.0,False,,0.0,0.0,0.7665260366441659,0.6413545020663471,0.49458526924740664,0.7885884726349754,0.2443969513050811,0.6712821935006674,0.5543008425758731,1.0,0.5020376009589627,0.5395222153144937,0.693344629491477,0.5687925144300705,0.8613872654908603,0.06349690232367329,0.48815999975773505,0.4948768669785435,0.50440429065493,0.6897217115279277,-0.010418745127853679,0.032021461440309804,0.5760383503571691,1.0,0.0,0.8106509086257849,0.0,2.80859375,2.818359375,2.85078125,3.0,2.62109375,3.005859375,0.0,0.03202570813741235,0.0,0.0,0.0,0.0,0.0,0.0,0.0,0.0,0.0,0.0,0.0,0.0,0.0,0.0,0.0,0.0,0.0,0.0,0.0,0.0,0.0,0.0,0.0,0.0,0.0,0.0,0.0,0.0,0.0,0.0,0.0,0.0,0.0,0.0,0.0,0.0,0.0,0.0,0.0,-0.0,0.0,0.0,-0.0,0.0,0.0,-0.0,0.0,0.0,False,
beat_v2_coverage_raw,beat_v2_coverage_raw,2,0.1931471805599453,0.827216650564014,0.03862817792903861,0.15298555218859228,0.2524955943644919,False,,0.0,0.1074052869830869,0.8604582041057451,0.6087793631610402,0.5676831863634697,0.827216650564014,0.2894961236439095,0.7165670681214953,0.5469670514563545,1.0,0.41321272416444915,0.4342277815139433,0.6833255145797644,0.5641063052436153,0.875464201023381,0.11818290967073251,0.49136240129128045,0.405015551301792,0.3920578848579845,0.6790407011329491,0.040664412262676086,0.029774201046477905,0.5726759321372457,1.0,0.0,0.7939750970222832,0.0,2.6728515625,2.806640625,2.8330078125,3.0078125,2.58203125,3.095703125,0.0,0.03094088564403688,0.09393216746157929,-0.032575138905306944,0.07309791711606306,0.03862817792903861,0.045099172338828375,0.045284874620827864,-0.007333791119518596,0.0,-0.08882487679451351,-0.10529443380055042,-0.01001911491171259,-0.004686209186455237,0.014076935532520651,0.05468600734705922,0.003202401533545396,-0.08986131567675149,-0.11234640579694549,-0.010681010394978596,0.051083157390529765,-0.0022472603938318986,-0.0033624182199234465,0.0,0.0,-0.016675811603501733,0.0,-0.1357421875,-0.01171875,-0.017773437499999822,0.0078125,-0.0390625,0.08984375,0.0,-0.0010848224933754716,-0.8337905801750867,-4.471356222638871,1.9699844821135946,-0.35546874999999645,-1.40625,0.33984374999999734,-0.0,0.0,0.0,0.05424112466877358,-1.1299478981435378,1.2926712721498586,-0.0,0.0,0.0,False,
beat_v2_coverage_raw,beat_v2_coverage_raw,4,0.6362943611198906,0.8307140399380898,0.04212556730311434,0.15298555218859228,0.2753565072026163,False,,0.0008932425171326308,0.11090267635716267,0.8465952031737787,0.7214236685959599,0.653395232957364,0.8307140399380898,0.28951740723028047,0.7026934253963434,0.5340042505160095,1.0,0.48479089822070187,0.4700501033451962,0.6868122621606547,0.550529181917942,0.8726043780587833,0.1153230867061349,0.47719825360182605,0.476613534466415,0.4294044973246316,0.6826810293101715,0.041407439254607936,0.03024617468130806,0.5587916476189083,1.0,0.0,0.8148328767024011,0.0,2.91015625,2.849609375,2.9265625,3.015625,2.68359375,3.173828125,0.0,0.03163322813715119,0.08006916652961282,0.08006916652961271,0.15880996370995737,0.04212556730311434,0.045120455925199365,0.03141123189567596,-0.02029659205986356,0.0,-0.01724670273826079,-0.06947211196929753,-0.006532367330822297,-0.018263332512128527,0.011217112567923015,0.051826184382461615,-0.010961746155909002,-0.018263332512128472,-0.07499979333029838,-0.007040682217756222,0.051826184382461615,-0.0017752867590017443,-0.01724670273826079,0.0,0.0,0.004181968076616194,0.0,0.1015625,0.03125,0.07578125000000036,0.015625,0.0625,0.16796875,0.0,-0.00039248000026115976,0.2090984038308097,-1.5213377740476963,2.059308733826859,1.515625000000007,-0.9410156249999938,4.96875,-0.0,0.0,0.0,0.019624000013057988,-0.9342749460357661,1.1919908264103916,-0.0,0.0,0.0,False,
beat_v2_coverage_raw,beat_v2_coverage_raw,8,1.2044415416798357,0.853014075140963,0.0644256025059875,0.15298555218859228,0.4211221359424001,False,,0.004462883995703713,0.13320271156003577,0.8957338059890877,0.770562271411269,0.7135876872589437,0.853014075140963,0.3643724482623426,0.7135475818579163,0.5288881780518602,1.0,0.45736060832853864,0.3008606671643621,0.6708278510097916,0.5305369645017834,0.9578636136115342,0.2641966744310283,0.5088058425154054,0.45662131705025644,0.29948468910443266,0.6704156543973108,0.19028102697950133,0.006538500040471469,0.5313613577267451,1.0,0.0,0.8102943442928383,0.0,2.7685546875,2.998046875,2.876171875,3.005859375,2.6708984375,2.9375,0.0,0.023436594019428277,0.12920776934492184,0.12920776934492184,0.21900241801153708,0.0644256025059875,0.11997549695726151,0.04226538835724891,-0.025412664524012918,0.0,-0.04467699263042402,-0.23866154815013163,-0.02251677848168543,-0.03825554992828706,0.09647634812067385,0.200699772107355,0.02064584275767034,-0.03825554992828706,-0.20491960155049732,-0.01930605713061695,0.200699772107355,-0.025482961399838334,-0.04467699263042402,0.0,0.0,-0.0003565643329466184,0.0,-0.0400390625,0.1796875,0.025390625,0.005859375,0.0498046875,-0.068359375,0.0,-0.008589114117984076,-0.01782821664733092,-2.0698681307680964,1.9699844821135946,0.5078125,-6.269531250000001,6.972656249999998,-0.0,0.0,0.0,0.4294557058992038,-0.2524976027764127,1.3743048039447279,-0.0,0.0,0.0,False,
beat_v2_coverage_raw,beat_v2_coverage_raw,16,1.8350887222397811,0.8644087569049416,0.07582028426996612,0.15298555218859228,0.49560421350441636,True,coverage;musecritic_mean5,0.0161917064059278,0.1539820407229362,0.9447916666666667,0.6829059674532258,0.6596570500595926,0.8644087569049416,0.3879102672874211,0.750836533022956,0.5605058467314861,1.0,0.4005156958391108,0.2983266183945283,0.670453623261231,0.558089548496659,0.9578084828144786,0.29050346486401557,0.5365361787771473,0.4015503871916474,0.30793366897779134,0.6710576978199378,0.1962302473204609,0.006567731076613112,0.5568813993792455,1.0,0.0,0.7840258471432164,0.0,2.732421875,2.61328125,2.694921875,2.7587890625,2.4404296875,2.9296875,0.0,0.030774866745932015,0.17826563002250084,0.041551465386878705,0.165071780812186,0.07582028426996612,0.14351331598234002,0.07955433952228863,0.006205004155612981,0.0,-0.10152190511985187,-0.24119559691996545,-0.02289100623024598,-0.010702965933411468,0.0964212173236183,0.2270065625403423,0.04837617901941227,-0.09332647978689612,-0.19647062167713863,-0.018664013707989868,0.20664899244831458,-0.02545373036369669,-0.01915695097792358,0.0,0.0,-0.02662506148256849,0.0,-0.076171875,-0.205078125,-0.1558593749999999,-0.2412109375,-0.1806640625,-0.076171875,0.0,-0.0012508413914803368,-1.3312530741284245,-3.835728078967098,0.7870578638507122,-3.1171874999999982,-6.500000000000001,-0.06152343750000619,-0.0,0.0,0.0,0.06254206957401684,-0.3339772302193816,0.5375618174548413,-0.0,0.0,0.0,False,
beat_v5_coverage_raw,beat_v5_coverage_raw,1,0.0,0.693344629491477,0.0,0.05389030198285263,0.0,False,,0.0,0.0,0.7665260366441659,0.6413545020663471,0.49458526924740664,0.7885884726349754,0.2443969513050811,0.6712821935006674,0.5543008425758731,1.0,0.5020376009589627,0.5395222153144937,0.693344629491477,0.5687925144300705,0.8613872654908603,0.06349690232367329,0.48815999975773505,0.4948768669785435,0.50440429065493,0.6897217115279277,-0.010418745127853679,0.032021461440309804,0.5760383503571691,1.0,0.0,0.8106509086257849,0.0,2.80859375,2.818359375,2.85078125,3.0,2.62109375,3.005859375,0.0,0.03202570813741235,0.0,0.0,0.0,0.0,0.0,0.0,0.0,0.0,0.0,0.0,0.0,0.0,0.0,0.0,0.0,0.0,0.0,0.0,0.0,0.0,0.0,0.0,0.0,0.0,0.0,0.0,0.0,0.0,0.0,0.0,0.0,0.0,0.0,0.0,0.0,0.0,0.0,0.0,0.0,-0.0,0.0,0.0,-0.0,0.0,0.0,-0.0,0.0,0.0,False,
beat_v5_coverage_raw,beat_v5_coverage_raw,2,0.1931471805599453,0.6993839629751102,0.006039333483633169,0.05389030198285263,0.11206716721600161,True,musecritic_mean5,0.0,0.01593869588067974,0.6971699158174567,0.5719983812396381,0.5354252270128053,0.769104317055308,0.23150567815901296,0.6274495617372589,0.5360623105614729,1.0,0.48372845825885463,0.6018824878749724,0.6993839629751102,0.5505069086251984,0.8718789769135118,0.15768494380664475,0.4747142699204645,0.47659126117367134,0.566749667748773,0.6957728134591787,0.08376929635511778,0.030397168880379646,0.557729207657061,1.0,0.0,0.8410387182931593,0.0,2.66015625,2.7890625,2.716015625,2.74609375,2.501953125,2.8828125,0.0,0.021518410019769854,-0.06935612082670917,-0.06935612082670906,0.040839957765398616,-0.019484155579667428,-0.012891273146068138,-0.04383263176340857,-0.018238532014400177,0.0,-0.018309142700108028,0.06236027256047871,0.006039333483633169,-0.01828560580487215,0.010491711422651484,0.09418804148297145,-0.013445729837270548,-0.01828560580487215,0.062345377093843024,0.006051101931251024,0.09418804148297145,-0.0016242925599301572,-0.018309142700108083,0.0,0.0,0.03038780966737442,0.0,-0.1484375,-0.029296875,-0.134765625,-0.25390625,-0.119140625,-0.123046875,0.0,-0.010507298117642498,1.519390483368721,0.0,3.494526652864611,-2.6953125,-7.1484375,0.0,-0.0,0.0,0.0,0.5253649058821249,0.0,1.3871457539820307,-0.0,0.0,0.0,False,
beat_v5_coverage_raw,beat_v5_coverage_raw,4,0.6362943611198906,0.7017793875752756,0.008434758083798566,0.05389030198285263,0.1565171797790709,True,musecritic_mean5,0.0010896522851098628,0.018334120480845095,0.6333171019646429,0.5081455673868243,0.3571932222745602,0.7305932951247669,0.3080625536848359,0.6045031944151515,0.5098799601503942,1.0,0.5016885374674538,0.627992640106326,0.7017793875752756,0.5537528446272382,0.7749433930399763,0.060749359933109245,0.41187467260119315,0.47983719717571116,0.5148986217821876,0.6908111664560646,-0.013166287518417724,0.06987464708085271,0.5756892868656602,1.0,0.0,0.8278694882848909,0.0,2.671875,2.6796875,2.689453125,2.716796875,2.462890625,2.916015625,0.0,0.023383340569393132,-0.133208934679523,-0.13320893467952288,-0.13739204697284646,-0.05799517751020855,0.06366560237975483,-0.06677899908551588,-0.044420882425478925,0.0,-0.00034906349150887195,0.08847042479183231,0.008434758083798566,-0.015039669802832334,-0.08644387245088403,-0.002747542390564045,-0.0762853271565419,-0.015039669802832334,0.010494331127257617,0.0010894549281368349,-0.002747542390564045,0.03785318564054291,-0.00034906349150887195,0.0,0.0,0.017218579659106004,0.0,-0.13671875,-0.138671875,-0.16132812499999982,-0.283203125,-0.158203125,-0.08984375,0.0,-0.00864236756801922,0.8609289829553002,-1.3187230072023937,3.244848462030429,-3.2265624999999964,-7.742187500000002,-0.46875,-0.0,0.0,0.0,0.432118378400961,-0.18649305496232765,1.3871457539820307,-0.0,0.0,0.0,False,
beat_v5_coverage_raw,beat_v5_coverage_raw,8,1.2044415416798357,0.7121123876048736,0.018767758113396593,0.05389030198285263,0.34825854416938157,False,,0.004464544693627365,0.035587994245700375,0.612909010153216,0.4215582077407383,0.226934505870379,0.7112984208130383,0.24961755127529156,0.6137229769450512,0.5131799229336726,1.0,0.43517332046075236,0.7385156038767027,0.7121123876048736,0.5807512701358153,0.6678919591080523,-0.08166116835171097,0.3629543518053515,0.4132658328668287,0.5628260121044256,0.695219550804338,-0.15557681580323796,0.10541648253657743,0.6145369437368866,1.0,0.0,0.8096878314728606,0.0,2.98828125,2.873046875,2.9640625,3.09375,2.763671875,3.1015625,0.0,0.025494795365168216,-0.15361702649094988,-0.21979629432560882,-0.26765076337702765,-0.07729005182193716,0.00522059997021046,-0.057559216555616244,-0.04112091964220044,0.0,-0.0668642804982103,0.19899338856220894,0.018767758113396593,0.011958755705744784,-0.19349530638280799,-0.14515807067538428,-0.12520564795238354,-0.08161103411171478,0.058421721449495645,0.005497839276410232,-0.14515807067538428,0.07339502109626762,0.038498593379717505,0.0,0.0,-0.0009630771529243187,0.0,0.1796875,0.0546875,0.11328125,0.09375,0.142578125,0.095703125,0.0,-0.0065309127722441365,-0.048153857646215936,-2.3079001787128104,2.210258252545172,2.265625,-1.273437500000002,6.531249999999998,-0.0,0.0,0.0,0.3265456386122068,-0.27973958244349145,1.2394151336183676,-0.0,0.0,0.0,False,
beat_v5_coverage_raw,beat_v5_coverage_raw,16,1.8350887222397811,0.7449765534260533,0.051631923934576274,0.05389030198285263,0.9580930526424782,True,musecritic_mean5,0.009856307600421272,0.10215498601374434,0.5688231656151841,0.5026438977805252,0.35719541700412893,0.7088553458445235,0.1790819757444274,0.6049443731967139,0.5038003118306854,0.9791666666666667,0.535702706900316,1.0847422009424252,0.7449765534260533,0.5953104911290577,0.533076030101255,-0.4322512131797992,0.28713259248342987,0.501740701311598,0.8457250533629916,0.7220990086014603,-0.4322512131797992,0.14036257169060887,0.6410655807782437,0.9791666666666667,0.0,0.8488875260738629,0.0,2.60546875,2.595703125,2.6193359375000003,2.8603515625,2.23046875,2.8046875,0.0,0.02433910351594981,-0.19770287102898176,-0.13871060428582194,-0.1373898522432777,-0.07973312679045197,-0.06531497556065369,-0.06633782030395352,-0.05050053074518768,-0.02083333333333326,0.0336651059413533,0.5452199856279315,0.051631923934576274,0.026517976698987145,-0.32831123538960527,-0.4957481155034725,-0.20102740727430518,0.006863834333054486,0.34132076270806166,0.03237729707353254,-0.4218324680519455,0.10834111025029906,0.06502723042107461,-0.02083333333333326,0.0,0.038236617448077936,0.0,-0.203125,-0.22265625,-0.23144531249999956,-0.1396484375,-0.390625,-0.201171875,0.0,-0.007686604621462541,1.9118308724038968,-1.8711903092622848,5.979511461725069,-4.628906249999991,-13.45009765625,3.328613281249997,-0.0,0.0,0.0,0.384330231073127,-0.4169528265318279,1.413265276729465,-0.0,0.0,0.0,False,
beat_v5_detector_ensemble_coverage_raw,beat_v5_detector_ensemble_coverage_raw,1,0.0,0.6897217115279277,0.0,0.050830708808380046,0.0,False,,0.0,0.0,0.7665260366441659,0.6413545020663471,0.49458526924740664,0.7885884726349754,0.2443969513050811,0.6712821935006674,0.5543008425758731,1.0,0.5020376009589627,0.5395222153144937,0.693344629491477,0.5687925144300705,0.8613872654908603,0.06349690232367329,0.48815999975773505,0.4948768669785435,0.50440429065493,0.6897217115279277,-0.010418745127853679,0.032021461440309804,0.5760383503571691,1.0,0.0,0.8106509086257849,0.0,2.80859375,2.818359375,2.85078125,3.0,2.62109375,3.005859375,0.0,0.03202570813741235,0.0,0.0,0.0,0.0,0.0,0.0,0.0,0.0,0.0,0.0,0.0,0.0,0.0,0.0,0.0,0.0,0.0,0.0,0.0,0.0,0.0,0.0,0.0,0.0,0.0,0.0,0.0,0.0,0.0,0.0,0.0,0.0,0.0,0.0,0.0,0.0,0.0,0.0,0.0,-0.0,0.0,0.0,-0.0,0.0,0.0,-0.0,0.0,0.0,False,
beat_v5_detector_ensemble_coverage_raw,beat_v5_detector_ensemble_coverage_raw,2,0.1931471805599453,0.6957728134591787,0.006051101931251024,0.050830708808380046,0.11904421703152461,True,musecritic_mean5,0.0,0.01569151734926065,0.6971699158174567,0.5719983812396381,0.5354252270128053,0.769104317055308,0.23150567815901296,0.6274495617372589,0.5360623105614729,1.0,0.48372845825885463,0.6018824878749724,0.6993839629751102,0.5505069086251984,0.8718789769135118,0.15768494380664475,0.4747142699204645,0.47659126117367134,0.566749667748773,0.6957728134591787,0.08376929635511778,0.030397168880379646,0.557729207657061,1.0,0.0,0.8410387182931593,0.0,2.66015625,2.7890625,2.716015625,2.74609375,2.501953125,2.8828125,0.0,0.021518410019769854,-0.06935612082670917,-0.06935612082670906,0.040839957765398616,-0.019484155579667428,-0.012891273146068138,-0.04383263176340857,-0.018238532014400177,0.0,-0.018309142700108028,0.06236027256047871,0.006039333483633169,-0.01828560580487215,0.010491711422651484,0.09418804148297145,-0.013445729837270548,-0.01828560580487215,0.062345377093843024,0.006051101931251024,0.09418804148297145,-0.0016242925599301572,-0.018309142700108083,0.0,0.0,0.03038780966737442,0.0,-0.1484375,-0.029296875,-0.134765625,-0.25390625,-0.119140625,-0.123046875,0.0,-0.010507298117642498,1.519390483368721,0.0,3.695442460775304,-2.6953125,-7.1484375,0.0,-0.0,0.0,0.0,0.5253649058821249,0.0,1.3871457539820307,-0.0,0.0,0.0,False,
beat_v5_detector_ensemble_coverage_raw,beat_v5_detector_ensemble_coverage_raw,4,0.6362943611198906,0.6957728134591787,0.006051101931251024,0.050830708808380046,0.11904421703152461,True,musecritic_mean5,0.0,0.01569151734926065,0.6971699158174567,0.5719983812396381,0.5354252270128053,0.769104317055308,0.23150567815901296,0.6274495617372589,0.5360623105614729,1.0,0.48372845825885463,0.6018824878749724,0.6993839629751102,0.5505069086251984,0.8718789769135118,0.15768494380664475,0.4747142699204645,0.47659126117367134,0.566749667748773,0.6957728134591787,0.08376929635511778,0.030397168880379646,0.557729207657061,1.0,0.0,0.8410387182931593,0.0,2.66015625,2.7890625,2.716015625,2.74609375,2.501953125,2.8828125,0.0,0.021518410019769854,-0.06935612082670917,-0.06935612082670906,0.040839957765398616,-0.019484155579667428,-0.012891273146068138,-0.04383263176340857,-0.018238532014400177,0.0,-0.018309142700108028,0.06236027256047871,0.006039333483633169,-0.01828560580487215,0.010491711422651484,0.09418804148297145,-0.013445729837270548,-0.01828560580487215,0.062345377093843024,0.006051101931251024,0.09418804148297145,-0.0016242925599301572,-0.018309142700108083,0.0,0.0,0.03038780966737442,0.0,-0.1484375,-0.029296875,-0.134765625,-0.25390625,-0.119140625,-0.123046875,0.0,-0.010507298117642498,1.519390483368721,0.0,3.695442460775304,-2.6953125,-7.1484375,0.0,-0.0,0.0,0.0,0.5253649058821249,0.0,1.3871457539820307,-0.0,0.0,0.0,False,
beat_v5_detector_ensemble_coverage_raw,beat_v5_detector_ensemble_coverage_raw,8,1.2044415416798357,0.704292812877326,0.014571101349398319,0.050830708808380046,0.28665941693490804,False,,0.002253029873416676,0.031203461607509888,0.6142618240060298,0.48909028942821103,0.4152695768710225,0.7297063729558145,0.20988010726325493,0.5925790600240517,0.5485115194630106,1.0,0.49689554664386737,0.6932396416915254,0.7080236089738365,0.5634347038490528,0.8672750419108717,0.19281748128758178,0.4858021259586611,0.48951905639752574,0.6569372774783828,0.704292812877326,0.11890183383605481,0.031109189731631466,0.5708962960420738,1.0,0.0,0.8451509219055993,0.0,2.89453125,2.8125,2.8603515625,3.0234375,2.5849609375,2.986328125,0.0,0.020818997970477607,-0.15226421263813605,-0.1522642126381361,-0.07931569237638414,-0.058882099679160915,-0.03451684404182617,-0.07870313347661573,-0.00578932311286251,0.0,-0.00514205431509529,0.15371742637703167,0.014678979482359522,-0.005357810581017697,0.00588777642001137,0.12932057896390847,-0.0023578737990739285,-0.005357810581017752,0.15253298682345284,0.014571101349398319,0.12932057896390847,-0.0009122717086783375,-0.00514205431509529,0.0,0.0,0.034500013279814334,0.0,0.0859375,-0.005859375,0.009570312500000178,0.0234375,-0.0361328125,-0.01953125,0.0,-0.011206710166934745,1.7250006639907167,0.43041672228456007,3.4500013279814334,0.19140625000000355,-3.0820312500000013,4.078124999999999,-0.0,0.0,0.0,0.5603355083467373,0.06942365241997149,1.3799584758717338,-0.0,0.0,0.0,False,
beat_v5_detector_ensemble_coverage_raw,beat_v5_detector_ensemble_coverage_raw,16,1.8350887222397811,0.7301601710454487,0.04043845951752101,0.050830708808380046,0.7955517533694956,True,musecritic_mean5,0.004575065704799119,0.08354913210416307,0.5324275832858669,0.5324275832858669,0.4725852589975169,0.7075868300403891,0.17725160613352503,0.5650055972941505,0.5375555732830896,0.9791666666666667,0.5975836113024341,1.0318905916378818,0.7401648440486729,0.577574265295986,0.7311558192743621,-0.15907585717021872,0.4090474481127866,0.577574265295986,0.9291922362348419,0.7301601710454487,-0.15907585717021872,0.06779029218159985,0.5975836113024341,0.9791666666666667,0.0,0.8827460767949115,0.0,2.435546875,2.486328125,2.459375,2.6611328125,1.9990234375,2.71484375,0.0,0.02046632512212201,-0.23409845335829893,-0.10892691878048022,-0.022000010249889734,-0.08100164259458631,-0.06714534517155607,-0.10627659620651697,-0.016745269292783527,-0.02083333333333326,0.09554601034347143,0.49236837632338804,0.04682021455719587,0.008781750865915483,-0.13023144621649818,-0.222572759493892,-0.07911255164494846,0.0826973983174425,0.42478794557991195,0.04043845951752101,-0.14865711204236504,0.035768830741290045,0.021545260945264988,-0.02083333333333326,0.0,0.07209516816912653,0.0,-0.373046875,-0.33203125,-0.39140624999999973,-0.3388671875,-0.6220703125,-0.291015625,0.0,-0.011559383015290341,3.6047584084563264,0.8540487083145596,6.934527565331644,-7.828124999999995,-15.88369140625,-1.9999999999999984,-0.0,0.0,0.0,0.577969150764517,-0.21055190022891268,1.5593438674447555,-0.0,0.0,0.0,True,musecritic_mean5
beat_v2_coverage_frozen_std,beat_v2_coverage_frozen_std,1,0.0,0.49458526924740664,0.0,0.6091472101358846,0.0,False,,0.0,0.0,0.7665260366441659,0.6413545020663471,0.49458526924740664,0.7885884726349754,0.2443969513050811,0.6712821935006674,0.5543008425758731,1.0,0.5020376009589627,0.5395222153144937,0.693344629491477,0.5687925144300705,0.8613872654908603,0.06349690232367329,0.48815999975773505,0.4948768669785435,0.50440429065493,0.6897217115279277,-0.010418745127853679,0.032021461440309804,0.5760383503571691,1.0,0.0,0.8106509086257849,0.0,2.80859375,2.818359375,2.85078125,3.0,2.62109375,3.005859375,0.0,0.03202570813741235,0.0,0.0,0.0,0.0,0.0,0.0,0.0,0.0,0.0,0.0,0.0,0.0,0.0,0.0,0.0,0.0,0.0,0.0,0.0,0.0,0.0,0.0,0.0,0.0,0.0,0.0,0.0,0.0,0.0,0.0,0.0,0.0,0.0,0.0,0.0,0.0,0.0,0.0,0.0,-0.0,0.0,0.0,-0.0,0.0,0.0,-0.0,0.0,0.0,False,
beat_v2_coverage_frozen_std,beat_v2_coverage_frozen_std,2,0.1931471805599453,0.6585957622879384,0.16401049304053172,0.6091472101358846,0.26924607108345017,False,,0.0,0.49203147912159534,0.8221699158174567,0.6969983812396381,0.6585957622879384,0.8229770271619995,0.2510792846194085,0.6974871993454576,0.5502901341550512,1.0,0.498803733475252,0.591273174122924,0.6982943106900004,0.5652996999673227,0.8664595933467721,0.1091783019941237,0.486632403946428,0.4913840525157957,0.5547561386286158,0.6945419192369324,0.035262654542596736,0.031244620503198692,0.5728044828734584,1.0,0.0,0.8237841385065423,0.0,2.76953125,2.791015625,2.82734375,2.96484375,2.56640625,3.044921875,0.0,0.023407899656413295,0.05564387917329083,0.055643879173290944,0.16401049304053172,0.03438855452702405,0.006682333314327382,0.02620500584479013,-0.004010708420821851,0.0,-0.003233867483710684,0.05175095880843028,0.004949681198523348,-0.003492814462747851,0.005072327855911829,0.045681399670450415,-0.0015275958113070698,-0.0034928144627477953,0.05035184797368586,0.004820207709004709,0.045681399670450415,-0.0007768409371111118,-0.003233867483710684,0.0,0.0,0.01313322988075738,0.0,-0.0390625,-0.02734375,-0.0234375,-0.03515625,-0.0546875,0.0390625,0.0,-0.008617808480999058,0.656661494037869,0.0,1.9699844821135946,-0.46875,-1.40625,0.0,-0.0,0.0,0.0,0.43089042404995287,0.0,1.2926712721498586,-0.0,0.0,0.0,False,
beat_v2_coverage_frozen_std,beat_v2_coverage_frozen_std,4,0.6362943611198906,0.6679668137416797,0.173381544494273,0.6091472101358846,0.2846299574377041,False,,0.0,0.5014025305753367,0.8221699158174567,0.6969983812396381,0.6679668137416797,0.8238702696791321,0.2528635986578772,0.6965950423262232,0.547868518835282,1.0,0.49701941943678324,0.5911872365588414,0.6982953961878986,0.5633029521684204,0.8625424586444853,0.10526116729183688,0.482947087523236,0.48938730471689346,0.5535290386284024,0.694436787854614,0.03134551984030991,0.03188192178449913,0.5710201688349896,1.0,0.0,0.8255706235408076,0.0,2.896484375,2.865234375,2.91015625,3.013671875,2.6875,3.087890625,0.0,0.025421508571202633,0.05564387917329083,0.055643879173290944,0.173381544494273,0.03528179704415668,0.00846664735279612,0.025312848825555734,-0.006432323740591106,0.0,-0.005018181522179421,0.051665021244347686,0.004950766696421582,-0.005489562261650094,0.0011551931536250004,0.041764264968163586,-0.005212912234499045,-0.005489562261650038,0.04912474797347244,0.004715076326686329,0.041764264968163586,-0.00013953965581067068,-0.005018181522179477,0.0,0.0,0.014919714915022642,0.0,0.087890625,0.046875,0.05937500000000018,0.013671875,0.06640625,0.08203125,0.0,-0.00660419956620972,0.7459857457511321,0.0,2.059308733826859,1.1875000000000036,-1.40625,4.96875,-0.0,0.0,0.0,0.330209978310486,-0.3020413372184009,1.2926712721498586,-0.0,0.0,0.0,False,
beat_v2_coverage_frozen_std,beat_v2_coverage_frozen_std,8,1.2044415416798357,0.7155214715231282,0.22093620227572153,0.6091472101358846,0.36269755257753955,False,,0.018742102907482544,0.5489571883567852,0.8527010191038418,0.7275294845260231,0.7155214715231282,0.8386938829486137,0.2972541258933675,0.704930881994863,0.5310107528502324,1.0,0.4831599954876779,0.5130949243561478,0.690923745839635,0.5484440808740003,0.8728560324192298,0.17918909323872398,0.4750547148454482,0.4745284334224733,0.4700261121654854,0.686565413833693,0.10527344578719701,0.030215312401238724,0.5571607448858843,1.0,0.0,0.8246867467933857,0.0,2.8251953125,2.92578125,2.8970703125,3.005859375,2.705078125,3.0234375,0.0,0.02285863355515035,0.08617498245967592,0.08617498245967592,0.22093620227572153,0.05010541031363824,0.052857174588286426,0.033648688494195556,-0.023290089725640728,0.0,-0.018877605471284753,-0.02642729095834595,-0.0024208836518420096,-0.02034843355607019,0.011468766928369512,0.11569219091505069,-0.013105284912286852,-0.02034843355607019,-0.03437817848944458,-0.0031562976942347554,0.11569219091505069,-0.0018061490390710797,-0.01887760547128481,0.0,0.0,0.01403583816760079,0.0,0.0166015625,0.107421875,0.04628906250000009,0.005859375,0.083984375,0.017578125,0.0,-0.009167074582262003,0.7017919083800395,-0.4466278600050333,2.2384288264582843,0.9257812500000018,-5.579785156249997,7.234374999999999,-0.0,0.0,0.0,0.45835372911310013,-0.22359957956251622,1.4208150229524728,-0.0,0.0,0.0,False,
beat_v2_coverage_frozen_std,beat_v2_coverage_frozen_std,16,1.8350887222397811,0.8409353076862505,0.3463500384388438,0.6091472101358846,0.5685818348598893,True,musecritic_mean5,0.07074423258404908,0.7392798522305686,0.8485034525002784,0.7233319179224598,0.8409353076862505,0.8492334271908138,0.30384472075941643,0.6965810921205702,0.5792100496177235,1.0,0.47065798234265555,0.5794227012985794,0.6973110668111057,0.5561758376998158,0.8533185729122654,0.12999177921908167,0.4851827099683046,0.4822601902482888,0.6436533285681139,0.7030696197905826,0.056076131767554716,0.039487264832835295,0.544658731740862,1.0,0.0,0.8499634018813493,0.0,2.669921875,2.5859375,2.6259765625,2.62890625,2.3740234375,2.87109375,0.0,0.02280515774228911,0.08197741585611251,0.08197741585611262,0.3463500384388438,0.060644954555838404,0.05944776945433533,0.025298898619902754,0.0249092070418504,0.0,-0.031379618616307114,0.03990048598408569,0.003966437319628646,-0.012616676730254683,-0.008068692578594883,0.06649487689540838,-0.0029772897894304595,-0.012616676730254683,0.13924903791318388,0.013347908262654862,0.0664948768954084,0.007465803392525491,-0.031379618616307114,0.0,0.0,0.03931249325556441,0.0,-0.138671875,-0.232421875,-0.22480468749999982,-0.37109375,-0.2470703125,-0.134765625,0.0,-0.00922055039512324,1.9656246627782203,-0.14702604043640294,4.875316890747968,-4.4960937499999964,-7.156250000000002,-1.835546875000002,-0.0,0.0,0.0,0.461027519756162,-0.1818781103134932,1.4361816160465817,-0.0,0.0,0.0,True,musecritic_mean5
beat_v5_coverage_frozen_std,beat_v5_coverage_frozen_std,1,0.0,0.5395222153144937,0.0,0.5683657674823669,0.0,False,,0.0,0.0,0.7665260366441659,0.6413545020663471,0.49458526924740664,0.7885884726349754,0.2443969513050811,0.6712821935006674,0.5543008425758731,1.0,0.5020376009589627,0.5395222153144937,0.693344629491477,0.5687925144300705,0.8613872654908603,0.06349690232367329,0.48815999975773505,0.4948768669785435,0.50440429065493,0.6897217115279277,-0.010418745127853679,0.032021461440309804,0.5760383503571691,1.0,0.0,0.8106509086257849,0.0,2.80859375,2.818359375,2.85078125,3.0,2.62109375,3.005859375,0.0,0.03202570813741235,0.0,0.0,0.0,0.0,0.0,0.0,0.0,0.0,0.0,0.0,0.0,0.0,0.0,0.0,0.0,0.0,0.0,0.0,0.0,0.0,0.0,0.0,0.0,0.0,0.0,0.0,0.0,0.0,0.0,0.0,0.0,0.0,0.0,0.0,0.0,0.0,0.0,0.0,0.0,-0.0,0.0,0.0,-0.0,0.0,0.0,-0.0,0.0,0.0,False,
beat_v5_coverage_frozen_std,beat_v5_coverage_frozen_std,2,0.1931471805599453,0.6018824878749724,0.06236027256047871,0.5683657674823669,0.1097185582388429,True,musecritic_mean5,0.0,0.16586219017733925,0.6971699158174567,0.5719983812396381,0.5354252270128053,0.769104317055308,0.23150567815901296,0.6274495617372589,0.5360623105614729,1.0,0.48372845825885463,0.6018824878749724,0.6993839629751102,0.5505069086251984,0.8718789769135118,0.15768494380664475,0.4747142699204645,0.47659126117367134,0.566749667748773,0.6957728134591787,0.08376929635511778,0.030397168880379646,0.557729207657061,1.0,0.0,0.8410387182931593,0.0,2.66015625,2.7890625,2.716015625,2.74609375,2.501953125,2.8828125,0.0,0.021518410019769854,-0.06935612082670917,-0.06935612082670906,0.040839957765398616,-0.019484155579667428,-0.012891273146068138,-0.04383263176340857,-0.018238532014400177,0.0,-0.018309142700108028,0.06236027256047871,0.006039333483633169,-0.01828560580487215,0.010491711422651484,0.09418804148297145,-0.013445729837270548,-0.01828560580487215,0.062345377093843024,0.006051101931251024,0.09418804148297145,-0.0016242925599301572,-0.018309142700108083,0.0,0.0,0.03038780966737442,0.0,-0.1484375,-0.029296875,-0.134765625,-0.25390625,-0.119140625,-0.123046875,0.0,-0.010507298117642498,1.519390483368721,0.0,3.4509159573234194,-2.6953125,-7.1484375,0.0,-0.0,0.0,0.0,0.5253649058821249,0.0,1.3871457539820307,-0.0,0.0,0.0,False,
beat_v5_coverage_frozen_std,beat_v5_coverage_frozen_std,4,0.6362943611198906,0.627992640106326,0.08847042479183231,0.5683657674823669,0.15565755338102244,True,musecritic_mean5,0.010609313752048398,0.19197234240869282,0.6333171019646429,0.5081455673868243,0.3571932222745602,0.7305932951247669,0.3080625536848359,0.6045031944151515,0.5098799601503942,1.0,0.5016885374674538,0.627992640106326,0.7017793875752756,0.5537528446272382,0.7749433930399763,0.060749359933109245,0.41187467260119315,0.47983719717571116,0.5148986217821876,0.6908111664560646,-0.013166287518417724,0.06987464708085271,0.5756892868656602,1.0,0.0,0.8278694882848909,0.0,2.671875,2.6796875,2.689453125,2.716796875,2.462890625,2.916015625,0.0,0.023383340569393132,-0.133208934679523,-0.13320893467952288,-0.13739204697284646,-0.05799517751020855,0.06366560237975483,-0.06677899908551588,-0.044420882425478925,0.0,-0.00034906349150887195,0.08847042479183231,0.008434758083798566,-0.015039669802832334,-0.08644387245088403,-0.002747542390564045,-0.0762853271565419,-0.015039669802832334,0.010494331127257617,0.0010894549281368349,-0.002747542390564045,0.03785318564054291,-0.00034906349150887195,0.0,0.0,0.017218579659106004,0.0,-0.13671875,-0.138671875,-0.16132812499999982,-0.283203125,-0.158203125,-0.08984375,0.0,-0.00864236756801922,0.8609289829553002,-1.3187230072023937,3.244848462030429,-3.2265624999999964,-7.742187500000002,-0.46875,-0.0,0.0,0.0,0.432118378400961,-0.18649305496232765,1.2938992265008666,-0.0,0.0,0.0,False,
beat_v5_coverage_frozen_std,beat_v5_coverage_frozen_std,8,1.2044415416798357,0.7385156038767027,0.19899338856220894,0.5683657674823669,0.35011501386452265,False,,0.04929096894791529,0.38801338906739097,0.612909010153216,0.4215582077407383,0.226934505870379,0.7112984208130383,0.24961755127529156,0.6137229769450512,0.5131799229336726,1.0,0.43517332046075236,0.7385156038767027,0.7121123876048736,0.5807512701358153,0.6678919591080523,-0.08166116835171097,0.3629543518053515,0.4132658328668287,0.5628260121044256,0.695219550804338,-0.15557681580323796,0.10541648253657743,0.6145369437368866,1.0,0.0,0.8096878314728606,0.0,2.98828125,2.873046875,2.9640625,3.09375,2.763671875,3.1015625,0.0,0.025494795365168216,-0.15361702649094988,-0.21979629432560882,-0.26765076337702765,-0.07729005182193716,0.00522059997021046,-0.057559216555616244,-0.04112091964220044,0.0,-0.0668642804982103,0.19899338856220894,0.018767758113396593,0.011958755705744784,-0.19349530638280799,-0.14515807067538428,-0.12520564795238354,-0.08161103411171478,0.058421721449495645,0.005497839276410232,-0.14515807067538428,0.07339502109626762,0.038498593379717505,0.0,0.0,-0.0009630771529243187,0.0,0.1796875,0.0546875,0.11328125,0.09375,0.142578125,0.095703125,0.0,-0.0065309127722441365,-0.048153857646215936,-2.1951169140896756,2.210258252545172,2.265625,-1.4843750000000022,6.765624999999998,-0.0,0.0,0.0,0.3265456386122068,-0.3053789951405264,1.2750352286462745,-0.0,0.0,0.0,False,
beat_v5_coverage_frozen_std,beat_v5_coverage_frozen_std,16,1.8350887222397811,1.0847422009424252,0.5452199856279315,0.5683657674823669,0.959276608165615,True,musecritic_mean5,0.0995913483411371,1.0812375485339094,0.5688231656151841,0.5026438977805252,0.35719541700412893,0.7088553458445235,0.1790819757444274,0.6049443731967139,0.5038003118306854,0.9791666666666667,0.535702706900316,1.0847422009424252,0.7449765534260533,0.5953104911290577,0.533076030101255,-0.4322512131797992,0.28713259248342987,0.501740701311598,0.8457250533629916,0.7220990086014603,-0.4322512131797992,0.14036257169060887,0.6410655807782437,0.9791666666666667,0.0,0.8488875260738629,0.0,2.60546875,2.595703125,2.6193359375000003,2.8603515625,2.23046875,2.8046875,0.0,0.02433910351594981,-0.19770287102898176,-0.13871060428582194,-0.1373898522432777,-0.07973312679045197,-0.06531497556065369,-0.06633782030395352,-0.05050053074518768,-0.02083333333333326,0.0336651059413533,0.5452199856279315,0.051631923934576274,0.026517976698987145,-0.32831123538960527,-0.4957481155034725,-0.20102740727430518,0.006863834333054486,0.34132076270806166,0.03237729707353254,-0.4218324680519455,0.10834111025029906,0.06502723042107461,-0.02083333333333326,0.0,0.038236617448077936,0.0,-0.203125,-0.22265625,-0.23144531249999956,-0.1396484375,-0.390625,-0.201171875,0.0,-0.007686604621462541,1.9118308724038968,-1.6529619710833887,5.784276259480754,-4.628906249999991,-14.234570312499994,3.0123046874999964,-0.0,0.0,0.0,0.384330231073127,-0.38911278065491384,1.408503388997417,-0.0,0.0,0.0,False,
beat_v5_detector_ensemble_coverage_frozen_std,beat_v5_detector_ensemble_coverage_frozen_std,1,0.0,0.50440429065493,0.0,0.5360883632171795,0.0,False,,0.0,0.0,0.7665260366441659,0.6413545020663471,0.49458526924740664,0.7885884726349754,0.2443969513050811,0.6712821935006674,0.5543008425758731,1.0,0.5020376009589627,0.5395222153144937,0.693344629491477,0.5687925144300705,0.8613872654908603,0.06349690232367329,0.48815999975773505,0.4948768669785435,0.50440429065493,0.6897217115279277,-0.010418745127853679,0.032021461440309804,0.5760383503571691,1.0,0.0,0.8106509086257849,0.0,2.80859375,2.818359375,2.85078125,3.0,2.62109375,3.005859375,0.0,0.03202570813741235,0.0,0.0,0.0,0.0,0.0,0.0,0.0,0.0,0.0,0.0,0.0,0.0,0.0,0.0,0.0,0.0,0.0,0.0,0.0,0.0,0.0,0.0,0.0,0.0,0.0,0.0,0.0,0.0,0.0,0.0,0.0,0.0,0.0,0.0,0.0,0.0,0.0,0.0,0.0,-0.0,0.0,0.0,-0.0,0.0,0.0,-0.0,0.0,0.0,False,
beat_v5_detector_ensemble_coverage_frozen_std,beat_v5_detector_ensemble_coverage_frozen_std,2,0.1931471805599453,0.566749667748773,0.062345377093843024,0.5360883632171795,0.11629682972354642,True,musecritic_mean5,0.0,0.16304907304121452,0.6971699158174567,0.5719983812396381,0.5354252270128053,0.769104317055308,0.23150567815901296,0.6274495617372589,0.5360623105614729,1.0,0.48372845825885463,0.6018824878749724,0.6993839629751102,0.5505069086251984,0.8718789769135118,0.15768494380664475,0.4747142699204645,0.47659126117367134,0.566749667748773,0.6957728134591787,0.08376929635511778,0.030397168880379646,0.557729207657061,1.0,0.0,0.8410387182931593,0.0,2.66015625,2.7890625,2.716015625,2.74609375,2.501953125,2.8828125,0.0,0.021518410019769854,-0.06935612082670917,-0.06935612082670906,0.040839957765398616,-0.019484155579667428,-0.012891273146068138,-0.04383263176340857,-0.018238532014400177,0.0,-0.018309142700108028,0.06236027256047871,0.006039333483633169,-0.01828560580487215,0.010491711422651484,0.09418804148297145,-0.013445729837270548,-0.01828560580487215,0.062345377093843024,0.006051101931251024,0.09418804148297145,-0.0016242925599301572,-0.018309142700108083,0.0,0.0,0.03038780966737442,0.0,-0.1484375,-0.029296875,-0.134765625,-0.25390625,-0.119140625,-0.123046875,0.0,-0.010507298117642498,1.519390483368721,0.0,3.4893749654823143,-2.6953125,-7.1484375,0.0,-0.0,0.0,0.0,0.5253649058821249,0.0,1.3871457539820307,-0.0,0.0,0.0,False,
beat_v5_detector_ensemble_coverage_frozen_std,beat_v5_detector_ensemble_coverage_frozen_std,4,0.6362943611198906,0.566749667748773,0.062345377093843024,0.5360883632171795,0.11629682972354642,True,musecritic_mean5,0.0,0.16304907304121452,0.6971699158174567,0.5719983812396381,0.5354252270128053,0.769104317055308,0.23150567815901296,0.6274495617372589,0.5360623105614729,1.0,0.48372845825885463,0.6018824878749724,0.6993839629751102,0.5505069086251984,0.8718789769135118,0.15768494380664475,0.4747142699204645,0.47659126117367134,0.566749667748773,0.6957728134591787,0.08376929635511778,0.030397168880379646,0.557729207657061,1.0,0.0,0.8410387182931593,0.0,2.66015625,2.7890625,2.716015625,2.74609375,2.501953125,2.8828125,0.0,0.021518410019769854,-0.06935612082670917,-0.06935612082670906,0.040839957765398616,-0.019484155579667428,-0.012891273146068138,-0.04383263176340857,-0.018238532014400177,0.0,-0.018309142700108028,0.06236027256047871,0.006039333483633169,-0.01828560580487215,0.010491711422651484,0.09418804148297145,-0.013445729837270548,-0.01828560580487215,0.062345377093843024,0.006051101931251024,0.09418804148297145,-0.0016242925599301572,-0.018309142700108083,0.0,0.0,0.03038780966737442,0.0,-0.1484375,-0.029296875,-0.134765625,-0.25390625,-0.119140625,-0.123046875,0.0,-0.010507298117642498,1.519390483368721,0.0,3.4893749654823143,-2.6953125,-7.1484375,0.0,-0.0,0.0,0.0,0.5253649058821249,0.0,1.3871457539820307,-0.0,0.0,0.0,False,
beat_v5_detector_ensemble_coverage_frozen_std,beat_v5_detector_ensemble_coverage_frozen_std,8,1.2044415416798357,0.6569372774783828,0.15253298682345284,0.5360883632171795,0.28452956133587787,False,,0.023367835705302716,0.32531481919934446,0.6142618240060298,0.48909028942821103,0.4152695768710225,0.7297063729558145,0.20988010726325493,0.5925790600240517,0.5485115194630106,1.0,0.49689554664386737,0.6932396416915254,0.7080236089738365,0.5634347038490528,0.8672750419108717,0.19281748128758178,0.4858021259586611,0.48951905639752574,0.6569372774783828,0.704292812877326,0.11890183383605481,0.031109189731631466,0.5708962960420738,1.0,0.0,0.8451509219055993,0.0,2.89453125,2.8125,2.8603515625,3.0234375,2.5849609375,2.986328125,0.0,0.020818997970477607,-0.15226421263813605,-0.1522642126381361,-0.07931569237638414,-0.058882099679160915,-0.03451684404182617,-0.07870313347661573,-0.00578932311286251,0.0,-0.00514205431509529,0.15371742637703167,0.014678979482359522,-0.005357810581017697,0.00588777642001137,0.12932057896390847,-0.0023578737990739285,-0.005357810581017752,0.15253298682345284,0.014571101349398319,0.12932057896390847,-0.0009122717086783375,-0.00514205431509529,0.0,0.0,0.034500013279814334,0.0,0.0859375,-0.005859375,0.009570312500000178,0.0234375,-0.0361328125,-0.01953125,0.0,-0.011206710166934745,1.7250006639907167,0.44145304849696476,3.230771308763125,0.19140625000000355,-3.0820312500000013,4.078124999999999,-0.0,0.0,0.0,0.5603355083467373,0.06942365241997149,1.3799584758717338,-0.0,0.0,0.0,False,
beat_v5_detector_ensemble_coverage_frozen_std,beat_v5_detector_ensemble_coverage_frozen_std,16,1.8350887222397811,0.9291922362348419,0.42478794557991195,0.5360883632171795,0.7923841939613645,True,musecritic_mean5,0.049119653624526874,0.8913600642729547,0.5324275832858669,0.5324275832858669,0.4725852589975169,0.7075868300403891,0.17725160613352503,0.5650055972941505,0.5375555732830896,0.9791666666666667,0.5975836113024341,1.0318905916378818,0.7401648440486729,0.577574265295986,0.7311558192743621,-0.15907585717021872,0.4090474481127866,0.577574265295986,0.9291922362348419,0.7301601710454487,-0.15907585717021872,0.06779029218159985,0.5975836113024341,0.9791666666666667,0.0,0.8827460767949115,0.0,2.435546875,2.486328125,2.459375,2.6611328125,1.9990234375,2.71484375,0.0,0.02046632512212201,-0.23409845335829893,-0.10892691878048022,-0.022000010249889734,-0.08100164259458631,-0.06714534517155607,-0.10627659620651697,-0.016745269292783527,-0.02083333333333326,0.09554601034347143,0.49236837632338804,0.04682021455719587,0.008781750865915483,-0.13023144621649818,-0.222572759493892,-0.07911255164494846,0.0826973983174425,0.42478794557991195,0.04043845951752101,-0.14865711204236504,0.035768830741290045,0.021545260945264988,-0.02083333333333326,0.0,0.07209516816912653,0.0,-0.373046875,-0.33203125,-0.39140624999999973,-0.3388671875,-0.6220703125,-0.291015625,0.0,-0.011559383015290341,3.6047584084563264,0.588713562132561,6.79476905350717,-7.828124999999995,-15.359375000000002,-2.08984375,-0.0,0.0,0.0,0.577969150764517,-0.22185299803903374,1.578659626049356,-0.0,0.0,0.0,True,musecritic_mean5
beat_v2_coverage_floor_q25,beat_v2_coverage_floor_q25,1,0.0,0.6413545020663471,0.0,0.35341638035105477,0.0,False,,0.0,0.0,0.7665260366441659,0.6413545020663471,0.49458526924740664,0.7885884726349754,0.2443969513050811,0.6712821935006674,0.5543008425758731,1.0,0.5020376009589627,0.5395222153144937,0.693344629491477,0.5687925144300705,0.8613872654908603,0.06349690232367329,0.48815999975773505,0.4948768669785435,0.50440429065493,0.6897217115279277,-0.010418745127853679,0.032021461440309804,0.5760383503571691,1.0,0.0,0.8106509086257849,0.0,2.80859375,2.818359375,2.85078125,3.0,2.62109375,3.005859375,0.0,0.03202570813741235,0.0,0.0,0.0,0.0,0.0,0.0,0.0,0.0,0.0,0.0,0.0,0.0,0.0,0.0,0.0,0.0,0.0,0.0,0.0,0.0,0.0,0.0,0.0,0.0,0.0,0.0,0.0,0.0,0.0,0.0,0.0,0.0,0.0,0.0,0.0,0.0,0.0,0.0,0.0,-0.0,0.0,0.0,-0.0,0.0,0.0,-0.0,0.0,0.0,False,
beat_v2_coverage_floor_q25,beat_v2_coverage_floor_q25,2,0.1931471805599453,0.7700865824841234,0.12873208041777628,0.35341638035105477,0.36425046368791514,True,musecritic_mean5,0.0,0.2956637179376491,0.7700865824841234,0.7700865824841234,0.6060669787817873,0.8004149448535333,0.21847724921253286,0.661704883715562,0.5300938368381228,0.9791666666666667,0.5533231849470007,0.5245254262729648,0.6920332460849719,0.545580068910708,0.8420632841249507,0.013681470885426525,0.45663547803695936,0.545580068910708,0.48659461459215336,0.6881616880668255,0.013681470885426525,0.03195961989366932,0.5533231849470007,0.9791666666666667,0.0,0.8307433072229431,0.0,2.72265625,2.779296875,2.791015625,2.91015625,2.54296875,3.0,0.0,0.01981244978266264,0.003560545839957574,0.12873208041777628,0.11148170953438064,0.011826472218557815,-0.025919702092548236,-0.009577309785105403,-0.024207005737750253,-0.02083333333333326,0.051285583988038064,-0.014996789041528902,-0.0013113834065051622,-0.023212445519362523,-0.019323981365909626,-0.049815431438246766,-0.03152452172077569,0.05070320193216449,-0.017809676062776614,-0.001560023461102178,0.024100216013280204,-6.184154664048286e-05,-0.02271516541016838,-0.02083333333333326,0.0,0.020092398597158168,0.0,-0.0859375,-0.0390625,-0.05976562499999982,-0.08984375,-0.078125,-0.005859375,0.0,-0.012213258354749713,1.0046199298579084,0.0,2.3571982955358624,-1.1953124999999964,-2.8593749999999996,0.0,-0.0,0.0,0.0,0.6106629177374857,0.0,1.4724437658373914,-0.0,0.0,0.0,False,
beat_v2_coverage_floor_q25,beat_v2_coverage_floor_q25,4,0.6362943611198906,0.8021507587293342,0.16079625666298702,0.35341638035105477,0.454976808101722,True,musecritic_mean5,0.024425287356321837,0.3466757242860574,0.8021507587293342,0.8021507587293342,0.6170133975291188,0.8122658182221432,0.2624076636855196,0.6718038527242793,0.5174490425656644,1.0,0.5414569467192247,0.4177682040324935,0.6819189122170884,0.5334543120013713,0.8774601919508291,0.10016860369294872,0.4624804368849127,0.5334543120013713,0.3783693238044208,0.6779175948581617,0.10016860369294872,0.02946668173196957,0.5414569467192247,1.0,0.0,0.8223808777149524,0.0,2.75390625,2.7734375,2.795703125,2.947265625,2.4453125,3.05859375,0.0,0.026584989967169424,0.035624722085168314,0.16079625666298702,0.12242812828171212,0.02367734558716772,0.0180107123804385,0.0005216592236119144,-0.03685180001020871,0.0,0.03941934576026207,-0.12175401128200025,-0.01142571727438857,-0.03533820242869923,0.016072926459968828,0.03667170136927543,-0.02567956287282236,0.03857744502282778,-0.1260349668505092,-0.011804116669765996,0.1105873488208024,-0.0025547797083402338,-0.034581403637944375,0.0,0.0,0.011729969089167458,0.0,-0.0546875,-0.044921875,-0.055078124999999645,-0.052734375,-0.17578125,0.052734375,0.0,-0.005440718170242928,0.5864984544583729,-1.1439377234201389,2.4367087844544164,-1.101562499999993,-3.351562499999999,0.6562499999999982,-0.0,0.0,0.0,0.2720359085121464,-0.7800264721326624,1.44440273490948,-0.0,0.0,0.0,False,
beat_v2_coverage_floor_q25,beat_v2_coverage_floor_q25,8,1.2044415416798357,0.8639006193693693,0.2225461173030222,0.35341638035105477,0.629699498031085,False,,0.05564387917329093,0.3995910424655924,0.8639006193693693,0.8639006193693693,0.5935957127756033,0.8308469072308717,0.34210683748543197,0.6928472006266534,0.5192006133976199,1.0,0.5217937818839373,0.18457675954018882,0.6597934884881558,0.5209293923884982,0.9568538125964204,0.20689932926940613,0.49915533448692845,0.5209293923884982,0.1829154277981914,0.6593612937404363,0.20689932926940613,0.006658488851904183,0.5217937818839373,1.0,0.0,0.7977931950923741,0.0,2.734375,2.9296875,2.8412109374999996,3.02734375,2.6259765625,2.888671875,0.0,0.027572138844712962,0.0973745827252035,0.2225461173030222,0.09901044352819666,0.04225843459589629,0.09770988618035087,0.02156500712598597,-0.03510022917825317,0.0,0.019756180924974664,-0.3549454557743049,-0.03355114100332124,-0.04786312204157228,0.09546654710556013,0.14340242694573285,0.010995334729193396,0.02605252540995473,-0.3214888628567386,-0.030360417787491434,0.2173180743972598,-0.02536297258840562,-0.05424456847323178,0.0,0.0,-0.012857713533410808,0.0,-0.07421875,0.111328125,-0.009570312500000178,0.02734375,0.0048828125,-0.1171875,0.0,-0.00445356929269939,-0.6428856766705404,-2.880886248931258,1.59511489559018,-0.19140625000000355,-3.8046875000000013,4.2968749999999964,-0.0,0.0,0.0,0.2226784646349695,-0.7396662077809965,1.263773248935962,-0.0,0.0,0.0,False,
beat_v2_coverage_floor_q25,beat_v2_coverage_floor_q25,16,1.8350887222397811,0.8907403371113048,0.2493858350449577,0.35341638035105477,0.7056431136475291,False,,0.05564387917329093,0.46747083968446607,0.8907403371113048,0.8907403371113048,0.6405884623361445,0.8443727509621597,0.37247074109871936,0.7045049665619452,0.5178680832552698,1.0,0.5182695960125855,0.1670102207127257,0.6581373804127999,0.5181357584268136,0.9564897232108968,0.2065352398838825,0.49637868210545927,0.5181357584268136,0.16919953082009925,0.658070461619914,0.2065352398838825,0.006716389187035994,0.5182695960125855,1.0,0.0,0.7980051648130144,0.0,2.69140625,2.876953125,2.8033203125,2.94140625,2.5576171875,2.94921875,0.0,0.02499411723728496,0.124214300467139,0.2493858350449577,0.14600319308873788,0.055784278327184245,0.12807378979363826,0.033222773061277744,-0.0364327593206033,0.0,0.016231995053622827,-0.37251199460176804,-0.035207249078677116,-0.05065675600325692,0.09510245772003645,0.14303833756020923,0.008218682347724215,0.02325889144827009,-0.3352047598348307,-0.03165124990801371,0.21695398501173618,-0.02530507225327381,-0.05776875434458362,0.0,0.0,-0.012645743812770505,0.0,-0.1171875,0.05859375,-0.04746093749999991,-0.05859375,-0.0634765625,-0.056640625,0.0,-0.0070315909001273935,-0.6322871906385252,-2.8832919977530236,1.7678063074434425,-0.9492187499999982,-6.156250000000002,4.246093749999997,-0.0,0.0,0.0,0.3515795450063697,-0.6107651274095962,1.479087517289282,-0.0,0.0,0.0,False,
beat_v5_coverage_floor_q25,beat_v5_coverage_floor_q25,1,0.0,0.5020376009589627,0.0,0.20765167506765758,0.0,False,,0.0,0.0,0.7665260366441659,0.6413545020663471,0.49458526924740664,0.7885884726349754,0.2443969513050811,0.6712821935006674,0.5543008425758731,1.0,0.5020376009589627,0.5395222153144937,0.693344629491477,0.5687925144300705,0.8613872654908603,0.06349690232367329,0.48815999975773505,0.4948768669785435,0.50440429065493,0.6897217115279277,-0.010418745127853679,0.032021461440309804,0.5760383503571691,1.0,0.0,0.8106509086257849,0.0,2.80859375,2.818359375,2.85078125,3.0,2.62109375,3.005859375,0.0,0.03202570813741235,0.0,0.0,0.0,0.0,0.0,0.0,0.0,0.0,0.0,0.0,0.0,0.0,0.0,0.0,0.0,0.0,0.0,0.0,0.0,0.0,0.0,0.0,0.0,0.0,0.0,0.0,0.0,0.0,0.0,0.0,0.0,0.0,0.0,0.0,0.0,0.0,0.0,0.0,0.0,-0.0,0.0,0.0,-0.0,0.0,0.0,-0.0,0.0,0.0,False,
beat_v5_coverage_floor_q25,beat_v5_coverage_floor_q25,2,0.1931471805599453,0.5565570524307114,0.05451945147174875,0.20765167506765758,0.2625524280215177,False,,0.0,0.1635583544152461,0.7144427033108325,0.7144427033108325,0.44205648574125556,0.7660263903265092,0.21179491589820548,0.6354998778707719,0.5341045452589446,0.9791666666666667,0.5565570524307114,0.47277446746453455,0.6870835648864486,0.5490728833734558,0.8369909562690387,-0.03199992878502389,0.45816307384826643,0.5490728833734558,0.4362427666184675,0.6833414803578208,-0.03199992878502389,0.03273646083078043,0.5565570524307114,0.9791666666666667,0.0,0.8176100773421858,0.0,2.76171875,2.806640625,2.814453125,2.9453125,2.59765625,2.9609375,0.0,0.028430258263661697,-0.05208333333333337,0.07308820124448534,-0.05252878350615109,-0.022562082308466236,-0.03260203540687562,-0.035782315629895534,-0.020196297316928513,-0.02083333333333326,0.05451945147174875,-0.06674774784995918,-0.006261064605028399,-0.019719631056614673,-0.024396309221821566,-0.09549683110869718,-0.02999692590946862,0.05419601639491234,-0.06816152403646247,-0.006380231170106887,-0.02158118365717021,0.0007149993904706289,-0.019481297926457697,-0.02083333333333326,0.0,0.006959168716400899,0.0,-0.046875,-0.01171875,-0.03632812499999982,-0.0546875,-0.0234375,-0.044921875,0.0,-0.0035954498737506557,0.34795843582004493,0.0,1.0438753074601328,-0.7265624999999964,-2.179687499999999,0.0,-0.0,0.0,0.0,0.1797724936875328,0.0,0.5393174810625985,-0.0,0.0,0.0,False,
beat_v5_coverage_floor_q25,beat_v5_coverage_floor_q25,4,0.6362943611198906,0.5748794146276159,0.07284181366865328,0.20765167506765758,0.3507884713423081,True,musecritic_mean5,0.0,0.18260528258876135,0.6582287783469076,0.6582287783469076,0.2893424805346576,0.7325224715056203,0.295628397324612,0.6165540964872618,0.5091416688946799,1.0,0.5748794146276159,0.513264530669062,0.6908477896459744,0.5529668327166373,0.7653903608070838,-0.052510299265335215,0.40691726929835836,0.5529668327166373,0.4002909711679205,0.6798914986904852,-0.052510299265335215,0.07135674797274483,0.5748794146276159,1.0,0.0,0.806816164664333,0.0,2.791015625,2.70703125,2.776171875,2.951171875,2.46484375,2.966796875,0.0,0.0308560094318432,-0.10829725829725823,0.016874276280560485,-0.20524278871274904,-0.056066001129355114,0.05123144601953089,-0.05472809701340564,-0.045159173681193154,0.0,0.07284181366865328,-0.026257684645431767,-0.002496839845502641,-0.015825681713433237,-0.09599690468377653,-0.11600720158900851,-0.08124273045937669,0.058089965738093774,-0.10411331948700947,-0.009830212837442565,-0.042091554137481536,0.039335286532435024,-0.0011589357295531677,0.0,0.0,-0.003834743961451892,0.0,-0.017578125,-0.111328125,-0.07460937499999964,-0.048828125,-0.15625,-0.0390625,0.0,-0.001169698705569152,-0.1917371980725946,-1.9753845012402584,1.4001729070224664,-1.492187499999993,-3.515625000000002,0.0,-0.0,0.0,0.0,0.0584849352784576,-0.27973958244349145,0.455194388278864,-0.0,0.0,0.0,False,
beat_v5_coverage_floor_q25,beat_v5_coverage_floor_q25,8,1.2044415416798357,0.5798808746281885,0.07784327366922583,0.20765167506765758,0.37487428716316756,True,musecritic_mean5,0.005001460000572645,0.18760674258933402,0.707003288150829,0.707003288150829,0.3857059506942918,0.7581475841225261,0.28720603378528664,0.6434420813895089,0.5127112351977796,1.0,0.5798808746281885,0.5527590445158787,0.6945863773612059,0.5574909948180523,0.766209460031113,0.001188076969277925,0.41160404931469957,0.5574909948180523,0.43729032272394464,0.6833914374561377,0.001188076969277925,0.07122910116377246,0.5798808746281885,1.0,0.0,0.8092918800942233,0.0,2.755859375,2.705078125,2.7640624999999996,2.904296875,2.40625,3.048828125,0.0,0.02389999302741952,-0.05952274849333683,0.06564878608448188,-0.10887931855311483,-0.030440888512449304,0.04280908248020554,-0.027840112111158555,-0.041589607378093474,0.0,0.07784327366922583,0.013236829201384914,0.0012417478697288598,-0.011301519612018196,-0.0951778054597473,-0.062308825354395365,-0.07655595044303548,0.06261412783950882,-0.06711396793098534,-0.0063302740717899875,0.011606822097131604,0.03920763972346265,0.0038425242710193874,0.0,0.0,-0.001359028531561668,0.0,-0.052734375,-0.11328125,-0.08671875000000018,-0.095703125,-0.21484375,0.04296875,0.0,-0.008125715109992833,-0.0679514265780834,-1.7278129582512347,1.4001729070224664,-1.7343750000000036,-3.6562499999999996,-0.24218749999999956,-0.0,0.0,0.0,0.40628575549964163,-0.18649305496232765,1.195133923423173,-0.0,0.0,0.0,False,
beat_v5_coverage_floor_q25,beat_v5_coverage_floor_q25,16,1.8350887222397811,0.6279614854570508,0.1259238844980881,0.20765167506765758,0.6064188235277143,True,musecritic_mean5,0.0331483665946122,0.23178382502778574,0.6681779440362277,0.6681779440362277,0.5087845379906848,0.7567929853204878,0.20030007884182296,0.6480697147466391,0.5251842250331468,0.9791666666666667,0.6279614854570508,0.9970377800035128,0.7366847560308993,0.5937023986490828,0.6431986313609515,-0.18948122970346803,0.36285269757085914,0.5937023986490828,0.8189379697418389,0.7195552126269154,-0.18948122970346803,0.10587456316695443,0.6279614854570508,0.9791666666666667,0.0,0.8454080266047479,0.0,2.416015625,2.392578125,2.4,2.5380859375,1.9912109375,2.662109375,0.0,0.022535085993935285,-0.0983480926079382,0.026823441969880513,0.014199268743278148,-0.03179548731448767,-0.044096872463258135,-0.02321247875402832,-0.02911661754272632,-0.02083333333333326,0.1259238844980881,0.4575155646890191,0.04334012653942232,0.0249098842190123,-0.21818863412990885,-0.2529781320271413,-0.1253073021868759,0.09882553167053931,0.3145336790869089,0.029833501098987636,-0.17906248457561436,0.07385310172664462,0.05192313509988167,-0.02083333333333326,0.0,0.03475711797896297,0.0,-0.392578125,-0.42578125,-0.4507812499999999,-0.4619140625,-0.6298828125,-0.34375,0.0,-0.009490622143477068,1.7378558989481485,-1.195437697032259,5.118182369507113,-9.015624999999998,-15.8220703125,-3.3785156250000052,-0.0,0.0,0.0,0.4745311071738534,-0.33727809326153585,1.49701387909182,-0.0,0.0,0.0,True,musecritic_mean5
beat_v5_detector_ensemble_coverage_floor_q25,beat_v5_detector_ensemble_coverage_floor_q25,1,0.0,0.4948768669785435,0.0,0.2049133780829661,0.0,False,,0.0,0.0,0.7665260366441659,0.6413545020663471,0.49458526924740664,0.7885884726349754,0.2443969513050811,0.6712821935006674,0.5543008425758731,1.0,0.5020376009589627,0.5395222153144937,0.693344629491477,0.5687925144300705,0.8613872654908603,0.06349690232367329,0.48815999975773505,0.4948768669785435,0.50440429065493,0.6897217115279277,-0.010418745127853679,0.032021461440309804,0.5760383503571691,1.0,0.0,0.8106509086257849,0.0,2.80859375,2.818359375,2.85078125,3.0,2.62109375,3.005859375,0.0,0.03202570813741235,0.0,0.0,0.0,0.0,0.0,0.0,0.0,0.0,0.0,0.0,0.0,0.0,0.0,0.0,0.0,0.0,0.0,0.0,0.0,0.0,0.0,0.0,0.0,0.0,0.0,0.0,0.0,0.0,0.0,0.0,0.0,0.0,0.0,0.0,0.0,0.0,0.0,0.0,0.0,-0.0,0.0,0.0,-0.0,0.0,0.0,-0.0,0.0,0.0,False,
beat_v5_detector_ensemble_coverage_floor_q25,beat_v5_detector_ensemble_coverage_floor_q25,2,0.1931471805599453,0.5490728833734558,0.05419601639491234,0.2049133780829661,0.2644825677168293,False,,0.0,0.16258804918473707,0.7144427033108325,0.7144427033108325,0.44205648574125556,0.7660263903265092,0.21179491589820548,0.6354998778707719,0.5341045452589446,0.9791666666666667,0.5565570524307114,0.47277446746453455,0.6870835648864486,0.5490728833734558,0.8369909562690387,-0.03199992878502389,0.45816307384826643,0.5490728833734558,0.4362427666184675,0.6833414803578208,-0.03199992878502389,0.03273646083078043,0.5565570524307114,0.9791666666666667,0.0,0.8176100773421858,0.0,2.76171875,2.806640625,2.814453125,2.9453125,2.59765625,2.9609375,0.0,0.028430258263661697,-0.05208333333333337,0.07308820124448534,-0.05252878350615109,-0.022562082308466236,-0.03260203540687562,-0.035782315629895534,-0.020196297316928513,-0.02083333333333326,0.05451945147174875,-0.06674774784995918,-0.006261064605028399,-0.019719631056614673,-0.024396309221821566,-0.09549683110869718,-0.02999692590946862,0.05419601639491234,-0.06816152403646247,-0.006380231170106887,-0.02158118365717021,0.0007149993904706289,-0.019481297926457697,-0.02083333333333326,0.0,0.006959168716400899,0.0,-0.046875,-0.01171875,-0.03632812499999982,-0.0546875,-0.0234375,-0.044921875,0.0,-0.0035954498737506557,0.34795843582004493,0.0,1.0438753074601328,-0.7265624999999964,-2.179687499999999,0.0,-0.0,0.0,0.0,0.1797724936875328,0.0,0.5393174810625985,-0.0,0.0,0.0,False,
beat_v5_detector_ensemble_coverage_floor_q25,beat_v5_detector_ensemble_coverage_floor_q25,4,0.6362943611198906,0.5529668327166373,0.058089965738093774,0.2049133780829661,0.28348547216167647,True,musecritic_mean5,0.0,0.16777802521020174,0.6582287783469076,0.6582287783469076,0.2893424805346576,0.7325224715056203,0.295628397324612,0.6165540964872618,0.5091416688946799,1.0,0.5748794146276159,0.513264530669062,0.6908477896459744,0.5529668327166373,0.7653903608070838,-0.052510299265335215,0.40691726929835836,0.5529668327166373,0.4002909711679205,0.6798914986904852,-0.052510299265335215,0.07135674797274483,0.5748794146276159,1.0,0.0,0.806816164664333,0.0,2.791015625,2.70703125,2.776171875,2.951171875,2.46484375,2.966796875,0.0,0.0308560094318432,-0.10829725829725823,0.016874276280560485,-0.20524278871274904,-0.056066001129355114,0.05123144601953089,-0.05472809701340564,-0.045159173681193154,0.0,0.07284181366865328,-0.026257684645431767,-0.002496839845502641,-0.015825681713433237,-0.09599690468377653,-0.11600720158900851,-0.08124273045937669,0.058089965738093774,-0.10411331948700947,-0.009830212837442565,-0.042091554137481536,0.039335286532435024,-0.0011589357295531677,0.0,0.0,-0.003834743961451892,0.0,-0.017578125,-0.111328125,-0.07460937499999964,-0.048828125,-0.15625,-0.0390625,0.0,-0.001169698705569152,-0.1917371980725946,-1.9753845012402584,1.4001729070224664,-1.492187499999993,-3.515625000000002,0.0,-0.0,0.0,0.0,0.0584849352784576,-0.27973958244349145,0.455194388278864,-0.0,0.0,0.0,False,
beat_v5_detector_ensemble_coverage_floor_q25,beat_v5_detector_ensemble_coverage_floor_q25,8,1.2044415416798357,0.5574909948180523,0.06261412783950882,0.2049133780829661,0.3055638847267325,True,musecritic_mean5,0.0,0.1723021873116167,0.707003288150829,0.707003288150829,0.3857059506942918,0.7581475841225261,0.28720603378528664,0.6434420813895089,0.5127112351977796,1.0,0.5798808746281885,0.5527590445158787,0.6945863773612059,0.5574909948180523,0.766209460031113,0.001188076969277925,0.41160404931469957,0.5574909948180523,0.43729032272394464,0.6833914374561377,0.001188076969277925,0.07122910116377246,0.5798808746281885,1.0,0.0,0.8092918800942233,0.0,2.755859375,2.705078125,2.7640624999999996,2.904296875,2.40625,3.048828125,0.0,0.02389999302741952,-0.05952274849333683,0.06564878608448188,-0.10887931855311483,-0.030440888512449304,0.04280908248020554,-0.027840112111158555,-0.041589607378093474,0.0,0.07784327366922583,0.013236829201384914,0.0012417478697288598,-0.011301519612018196,-0.0951778054597473,-0.062308825354395365,-0.07655595044303548,0.06261412783950882,-0.06711396793098534,-0.0063302740717899875,0.011606822097131604,0.03920763972346265,0.0038425242710193874,0.0,0.0,-0.001359028531561668,0.0,-0.052734375,-0.11328125,-0.08671875000000018,-0.095703125,-0.21484375,0.04296875,0.0,-0.008125715109992833,-0.0679514265780834,-1.9753845012402584,1.4577060376033357,-1.7343750000000036,-3.843749999999999,-0.24218749999999956,-0.0,0.0,0.0,0.40628575549964163,-0.18649305496232765,1.195133923423173,-0.0,0.0,0.0,False,
beat_v5_detector_ensemble_coverage_floor_q25,beat_v5_detector_ensemble_coverage_floor_q25,16,1.8350887222397811,0.5944535236645814,0.09957665668603788,0.2049133780829661,0.4859451228495238,True,musecritic_mean5,0.02363050927744607,0.2052137162348319,0.7703190461773297,0.7703190461773297,0.6805846636264928,0.8075962756151309,0.15754469228070647,0.6924036258746815,0.554384159849677,0.9791666666666667,0.6144882055720334,0.922824609631566,0.7296808553124827,0.5944535236645814,0.7491311537432733,-0.08354870732114611,0.43537426811329094,0.5944535236645814,0.820120874910935,0.7196635143587566,-0.08354870732114611,0.06492787004835113,0.6144882055720334,0.9791666666666667,0.0,0.844873505052932,0.0,2.341796875,2.384765625,2.33828125,2.4755859375,1.9267578125,2.5625,0.0,0.023875656041842216,0.0037930095331638602,0.12896454411098257,0.1859993943790862,0.019007802980155475,-0.08685225902437463,0.021121432374014093,8.331727380395115e-05,-0.02083333333333326,0.11245060461307077,0.38330239431707225,0.03633622582100571,0.025661009234510868,-0.11225611174758698,-0.14704560964481939,-0.05278573164444411,0.09957665668603788,0.315716584256005,0.029941802830828923,-0.07312996219329243,0.032906408608041324,0.038449855214864326,-0.02083333333333326,0.0,0.03422259642714709,0.0,-0.466796875,-0.43359375,-0.5124999999999997,-0.5244140625,-0.6943359375,-0.443359375,0.0,-0.008150052095570137,1.7111298213573545,-1.1416926126747986,4.971786827448081,-10.249999999999995,-17.05517578125,-4.308203125000003,-0.0,0.0,0.0,0.4075026047785068,-0.4810777531909672,1.4301622867910764,-0.0,0.0,0.0,True,musecritic_mean5
beat_v5_detector_ensemble_confidence_product,beat_v5_detector_ensemble_confidence_product,1,0.0,0.48815999975773505,0.0,0.12613283581850573,0.0,False,,0.0,0.0,0.7665260366441659,0.6413545020663471,0.49458526924740664,0.7885884726349754,0.2443969513050811,0.6712821935006674,0.5543008425758731,1.0,0.5020376009589627,0.5395222153144937,0.693344629491477,0.5687925144300705,0.8613872654908603,0.06349690232367329,0.48815999975773505,0.4948768669785435,0.50440429065493,0.6897217115279277,-0.010418745127853679,0.032021461440309804,0.5760383503571691,1.0,0.0,0.8106509086257849,0.0,2.80859375,2.818359375,2.85078125,3.0,2.62109375,3.005859375,0.0,0.03202570813741235,0.0,0.0,0.0,0.0,0.0,0.0,0.0,0.0,0.0,0.0,0.0,0.0,0.0,0.0,0.0,0.0,0.0,0.0,0.0,0.0,0.0,0.0,0.0,0.0,0.0,0.0,0.0,0.0,0.0,0.0,0.0,0.0,0.0,0.0,0.0,0.0,0.0,0.0,0.0,-0.0,0.0,0.0,-0.0,0.0,0.0,-0.0,0.0,0.0,False,
beat_v5_detector_ensemble_confidence_product,beat_v5_detector_ensemble_confidence_product,2,0.1931471805599453,0.5144413743902945,0.026281374632559418,0.12613283581850573,0.2083626714805338,True,coverage,0.0,0.06938412920797334,0.7843225216537657,0.45403476058994535,0.17809355456016213,0.7644191256201747,0.2892427464738705,0.6657988550881675,0.545621073402734,0.9791666666666667,0.31648894241265085,0.0401617306504826,0.6458954590545765,0.5467238168159576,0.9335636862000464,0.13567332303285937,0.5144413743902945,0.3167746958512072,0.04035640069837161,0.6456197732012706,0.05815482562480294,0.007273117359644254,0.5472751885225693,0.9791666666666667,0.0,0.7445157295865836,0.0,2.6923828125,2.78125,2.8216796874999996,2.912109375,2.625,3.09765625,0.0,0.048637165462698494,0.01779648500959985,-0.1873197414764018,-0.3164917146872445,-0.02416934701480078,0.04484579516878939,-0.005483338412499927,-0.008679769173139062,-0.02083333333333326,-0.1855486585463118,-0.4993604846640111,-0.047449170436900556,-0.022068697614112898,0.07217642070918606,0.07217642070918608,0.026281374632559418,-0.17810217112733628,-0.4640478899565584,-0.0441019383266571,0.06857357075265662,-0.02474834408066555,-0.028763161834599815,-0.02083333333333326,0.0,-0.0661351790392013,0.0,-0.1162109375,-0.037109375,-0.029101562500000178,-0.087890625,0.00390625,0.091796875,0.0,0.01661145732528614,-3.306758951960065,-7.778115174598936,0.0,-0.5820312500000036,-2.0859375000000013,0.33984374999999734,-0.0,0.0,0.0,-0.830572866264307,-1.8156942675325116,0.0,-0.0,0.0,0.0,False,
beat_v5_detector_ensemble_confidence_product,beat_v5_detector_ensemble_confidence_product,4,0.6362943611198906,0.5352562283123097,0.047096228554574626,0.12613283581850573,0.37338594862278396,True,coverage,0.0,0.13182869097401878,0.7640559030264913,0.5123770620817865,0.2564907277897819,0.7650608793036617,0.3043918228826994,0.6603926566473011,0.5568870318979091,1.0,0.3972662022953143,0.2033114853310323,0.6613976329244715,0.5567819508113769,0.9591066189401517,0.22341918277209072,0.5352562283123097,0.3976911968695538,0.20678374396470584,0.6614239031961046,0.1459006853640343,0.006296827424109294,0.5567294102681108,1.0,0.0,0.7660658555808322,0.0,2.6884765625,2.87890625,2.8248046875,3.015625,2.587890625,2.953125,0.0,0.0389604489774688,-0.0024701336176745636,-0.12897743998456068,-0.23809454145762476,-0.023527593331313712,0.05999487157761829,-0.010889536853366355,0.0025861893220360255,0.0,-0.10477139866364837,-0.33621072998346146,-0.0319469965670055,-0.01201056361869357,0.09771935344929139,0.15992228044841744,0.047096228554574626,-0.09718567010898971,-0.29762054669022414,-0.02829780833182316,0.15631943049188798,-0.02572463401620051,-0.019308940089058257,0.0,0.0,-0.04458505304495275,0.0,-0.1201171875,0.060546875,-0.02597656249999991,0.015625,-0.033203125,-0.052734375,0.0,0.00693474084005645,-2.2292526522476375,-5.210156800673554,0.0,-0.5195312499999982,-1.898437500000002,0.33984374999999734,-0.0,0.0,0.0,-0.34673704200282246,-1.1299478981435378,0.08973677213507048,-0.0,0.0,0.0,False,
beat_v5_detector_ensemble_confidence_product,beat_v5_detector_ensemble_confidence_product,8,1.2044415416798357,0.5428836580947356,0.05472365833700055,0.12613283581850573,0.43385735349471705,True,coverage,0.0,0.1453374202886144,0.8180501930501931,0.5663713521054883,0.41048012282803753,0.7979382230709201,0.2957560462224341,0.6923937152088584,0.5660712237235913,1.0,0.4072740293947272,0.31804312404380586,0.6722817452295855,0.5665152328195463,0.9560236388085191,0.21101255265191599,0.5428836580947356,0.40742447887772304,0.32013460519072473,0.6721707429555968,0.13349405524385957,0.006777439038879202,0.5667372373675237,1.0,0.0,0.7778262530916473,0.0,2.6474609375,2.779296875,2.8044921875,2.90234375,2.59375,3.099609375,0.0,0.03290180029439583,0.051524156406027255,-0.07498314996085886,-0.08410514641936911,0.00934975043594466,0.05135909491735302,0.021111521708190972,0.011770381147718223,0.0,-0.09476357156423548,-0.22147909127068788,-0.021062884261891512,-0.0022772816105242066,0.09463637331765884,0.1475156503282427,0.05472365833700055,-0.08745238810082046,-0.18426968546420525,-0.01755096857233096,0.14391280037171325,-0.025244022401430602,-0.009301112989645421,0.0,0.0,-0.0328246555341376,0.0,-0.1611328125,-0.0390625,-0.046289062499999645,-0.09765625,-0.02734375,0.09375,0.0,0.0008760921569834768,-1.6412327767068802,-4.745922696627311,0.24757154298902379,-0.9257812499999929,-2.6328125,0.22656249999999822,-0.0,0.0,0.0,-0.04380460784917384,-1.1449040268327162,1.013490203285195,-0.0,0.0,0.0,False,
beat_v5_detector_ensemble_confidence_product,beat_v5_detector_ensemble_confidence_product,16,1.8350887222397811,0.5697984520314724,0.08163845227373734,0.12613283581850573,0.6472418680192684,True,coverage;musecritic_mean5,0.024580596584140007,0.16767195734959128,0.8490344883280755,0.5871487891146345,0.41302149437227265,0.8086239509471898,0.3109214732024028,0.7157952969967565,0.5844863866267309,1.0,0.42619040212530274,0.3514598431903482,0.6753847596158706,0.5831995326525353,0.9769227747151039,0.3628490811867011,0.5697984520314724,0.4266603713475236,0.35826558579063505,0.6757064731094196,0.2685758636431464,0.0035296078365077074,0.5825561056654375,1.0,0.0,0.7682134135663039,0.0,2.572265625,2.40625,2.4203125,2.466796875,2.0712890625,2.5849609375,0.0,0.03062513000309154,0.08250845168390963,-0.054205712951712615,-0.081563774875134,0.020035478312214305,0.06652452189732172,0.04451310349608906,0.030185544050857827,0.0,-0.07584719883365992,-0.18806237212414556,-0.017959869875606382,0.014407018222464818,0.1155355092242436,0.29935217886302784,0.08163845227373734,-0.06821649563101989,-0.14613870486429492,-0.014015238418508158,0.2789946087710001,-0.028491853603802096,0.006517755308268369,0.0,0.0,-0.04243749505948102,0.0,-0.236328125,-0.412109375,-0.43046874999999973,-0.533203125,-0.5498046875,-0.4208984375,0.0,-0.001400578134320811,-2.121874752974051,-4.422689119937446,-0.21704165392347022,-8.609374999999995,-15.656835937500002,-2.2732421875000015,-0.0,0.0,0.0,0.07002890671604055,-0.42121519278549574,0.5729776667186525,-0.0,0.0,0.0,True,musecritic_mean5
beat_v5_detector_ensemble_confidence_floor_q25,beat_v5_detector_ensemble_confidence_floor_q25,1,0.0,0.06349690232367329,0.0,0.3797138499919389,0.0,False,,0.0,0.0,0.7665260366441659,0.6413545020663471,0.49458526924740664,0.7885884726349754,0.2443969513050811,0.6712821935006674,0.5543008425758731,1.0,0.5020376009589627,0.5395222153144937,0.693344629491477,0.5687925144300705,0.8613872654908603,0.06349690232367329,0.48815999975773505,0.4948768669785435,0.50440429065493,0.6897217115279277,-0.010418745127853679,0.032021461440309804,0.5760383503571691,1.0,0.0,0.8106509086257849,0.0,2.80859375,2.818359375,2.85078125,3.0,2.62109375,3.005859375,0.0,0.03202570813741235,0.0,0.0,0.0,0.0,0.0,0.0,0.0,0.0,0.0,0.0,0.0,0.0,0.0,0.0,0.0,0.0,0.0,0.0,0.0,0.0,0.0,0.0,0.0,0.0,0.0,0.0,0.0,0.0,0.0,0.0,0.0,0.0,0.0,0.0,0.0,0.0,0.0,0.0,0.0,-0.0,0.0,0.0,-0.0,0.0,0.0,-0.0,0.0,0.0,False,
beat_v5_detector_ensemble_confidence_floor_q25,beat_v5_detector_ensemble_confidence_floor_q25,2,0.1931471805599453,0.22986136451583083,0.16636446219215756,0.3797138499919389,0.4381311405830716,True,coverage;musecritic_mean5,0.045681399670450415,0.31189446688902683,0.7149664008270566,0.38467863976323624,0.2189335123255607,0.7449349700405072,0.2763514733278024,0.6219662233247589,0.5273825413883338,0.9791666666666667,0.2981797997125427,0.10252200321096128,0.6519347925382096,0.5284382110110855,0.9440553976226979,0.22986136451583083,0.5009956445530239,0.29848909004633506,0.10270177779221457,0.6516708751325218,0.1523428671077744,0.005648824799714097,0.5289660458224612,0.9791666666666667,0.0,0.774903539253958,0.0,2.5439453125,2.751953125,2.6869140624999996,2.658203125,2.505859375,2.974609375,0.0,0.038129867345055996,-0.051559635817109206,-0.2566758623031109,-0.27565175692184596,-0.04365350259446821,0.03195452202272131,-0.0493159701759085,-0.02691830118753924,-0.02083333333333326,-0.20385780124641995,-0.43700021210353246,-0.04140983695326739,-0.04035430341898505,0.08266813213183755,0.16636446219215756,0.01283564479528887,-0.19638777693220844,-0.4017025128627154,-0.03805083639540596,0.16276161223562807,-0.026372636640595706,-0.0470723045347079,-0.02083333333333326,0.0,-0.035747369371826876,0.0,-0.2646484375,-0.06640625,-0.16386718750000018,-0.341796875,-0.115234375,-0.03125,0.0,0.006104159207643643,-1.7873684685913438,-6.943924731781942,2.8327134714444493,-3.2773437500000036,-7.957421875000001,0.0,-0.0,0.0,0.0,-0.3052079603821822,-1.7212197857003397,1.1452042935964217,-0.0,0.0,0.0,False,
beat_v5_detector_ensemble_confidence_floor_q25,beat_v5_detector_ensemble_confidence_floor_q25,4,0.6362943611198906,0.39043571801572513,0.32693881569205185,0.3797138499919389,0.8610136704231162,True,musecritic_mean5,0.09188171531380311,0.6164765467057541,0.5592151596461942,0.4340436250683754,0.1820763026590297,0.6889246564884028,0.3128797633102893,0.5384247007061376,0.5195930015284559,1.0,0.4436334923678745,0.2718526685665962,0.6681341975483464,0.5182871616868726,0.9717609517010601,0.39043571801572513,0.5036695128259141,0.44437151423534565,0.2782130046340771,0.6684606575087422,0.3165200705641982,0.004335464630133054,0.5176342417660809,1.0,0.0,0.8186341533306118,0.0,2.615234375,2.802734375,2.6898437499999996,2.740234375,2.4375,2.853515625,0.0,0.026430942141438696,-0.20731087699797168,-0.20731087699797174,-0.31250896658837696,-0.0996638161465726,0.06848281200520823,-0.13285749279452985,-0.0347078410474172,0.0,-0.05840410859108813,-0.26766954674789756,-0.025210431943130662,-0.050505352743197895,0.11037368621019983,0.32693881569205185,0.015509513068179048,-0.05050535274319784,-0.22619128602085287,-0.021261054019185543,0.32693881569205185,-0.02768599681017675,-0.058404108591088244,0.0,0.0,0.00798324470482692,0.0,-0.193359375,-0.015625,-0.16093750000000018,-0.259765625,-0.18359375,-0.15234375,0.0,-0.005594765995973656,0.399162235241346,-2.287200829480471,3.1942406385650663,-3.2187500000000036,-7.8373046875,0.047656249999993086,-0.0,0.0,0.0,0.2797382997986828,-0.7428089712279398,1.4221928688176595,-0.0,0.0,0.0,False,
beat_v5_detector_ensemble_confidence_floor_q25,beat_v5_detector_ensemble_confidence_floor_q25,8,1.2044415416798357,0.49050352258047025,0.427006620256797,0.3797138499919389,1.1245484468524445,True,musecritic_mean5,0.1610951287038394,0.7095043745429982,0.6589507266926622,0.5337791921148434,0.2599260917629288,0.729961858531692,0.30655921369560557,0.604109115792737,0.5497261811613099,1.0,0.4752667554946053,0.3468691050292119,0.6751202476317668,0.5494203969823112,0.9700555821449541,0.49050352258047025,0.5335658294126997,0.4755047495307842,0.3508170154979683,0.6751966936765166,0.41658787512894324,0.004595579115295838,0.5492675048928117,1.0,0.0,0.8009729903707219,0.0,2.755859375,2.818359375,2.7494140624999996,2.873046875,2.3876953125,2.912109375,0.0,0.026674112767928363,-0.10757530995150366,-0.10757530995150377,-0.23465917748447784,-0.0586266141032834,0.06216226239052447,-0.06717307770793046,-0.004574661414563197,0.0,-0.026770845464357373,-0.19265311028528181,-0.018224381859710204,-0.01937211744775935,0.10866831665409382,0.427006620256797,0.04540582965496465,-0.019372117447759296,-0.1535872751569617,-0.014525017851411137,0.4270066202567969,-0.027425882325013966,-0.026770845464357373,0.0,0.0,-0.009677918255063034,0.0,-0.052734375,0.0,-0.10136718750000018,-0.126953125,-0.2333984375,-0.09375,0.0,-0.005351595369483989,-0.4838959127531517,-2.8134389620477913,1.8276695579450641,-2.0273437500000036,-6.992187500000002,3.472656249999997,-0.0,0.0,0.0,0.26757976847419945,-0.6116753001129978,1.184528897556177,-0.0,0.0,0.0,False,
beat_v5_detector_ensemble_confidence_floor_q25,beat_v5_detector_ensemble_confidence_floor_q25,16,1.8350887222397811,0.5639423650694939,0.5004454627458206,0.3797138499919389,1.317954198290225,True,coverage;musecritic_mean5,0.25481813419135124,0.7700932706140587,0.8047599103860447,0.679588375808226,0.4204453021495469,0.7944085093535367,0.2852992725842522,0.684545232484741,0.5631659860416071,1.0,0.4903298051852307,0.3379716424968562,0.674193831452233,0.5639423650694939,0.9804972652440394,0.5639423650694939,0.5526761871314052,0.4900267176179669,0.3391626833625012,0.6739997366952613,0.4900267176179669,0.002962174346241915,0.5643305545834372,1.0,0.0,0.7840571083210288,0.0,2.822265625,2.8046875,2.736328125,2.720703125,2.431640625,2.90234375,0.0,0.02847884926768081,0.03823387374187881,0.03823387374187881,-0.07413996709785975,0.005820036718561239,0.040902321279171094,0.01326303898407355,0.008865143465733971,0.0,-0.011707795773731933,-0.20155057281763755,-0.01915079803924402,-0.004850149360576594,0.11910999975317904,0.5004454627458206,0.06451618737367015,-0.004850149360576594,-0.16524160729242876,-0.015721974832666463,0.5004454627458206,-0.02905928709406789,-0.011707795773731933,0.0,0.0,-0.02659380030475611,0.0,0.013671875,-0.013671875,-0.11445312499999982,-0.279296875,-0.189453125,-0.103515625,0.0,-0.0035468588697315437,-1.3296900152378055,-3.5230724115094003,0.4042835270778978,-2.2890624999999964,-7.976757812499999,3.2115234374999937,-0.0,0.0,0.0,0.17734294348657717,-0.6945020176688614,1.0958674272844418,-0.0,0.0,0.0,False,
beat_v5_detector_ensemble_dual_floor_q25,beat_v5_detector_ensemble_dual_floor_q25,1,0.0,-0.010418745127853679,0.0,0.36652564224935086,0.0,False,,0.0,0.0,0.7665260366441659,0.6413545020663471,0.49458526924740664,0.7885884726349754,0.2443969513050811,0.6712821935006674,0.5543008425758731,1.0,0.5020376009589627,0.5395222153144937,0.693344629491477,0.5687925144300705,0.8613872654908603,0.06349690232367329,0.48815999975773505,0.4948768669785435,0.50440429065493,0.6897217115279277,-0.010418745127853679,0.032021461440309804,0.5760383503571691,1.0,0.0,0.8106509086257849,0.0,2.80859375,2.818359375,2.85078125,3.0,2.62109375,3.005859375,0.0,0.03202570813741235,0.0,0.0,0.0,0.0,0.0,0.0,0.0,0.0,0.0,0.0,0.0,0.0,0.0,0.0,0.0,0.0,0.0,0.0,0.0,0.0,0.0,0.0,0.0,0.0,0.0,0.0,0.0,0.0,0.0,0.0,0.0,0.0,0.0,0.0,0.0,0.0,0.0,0.0,0.0,-0.0,0.0,0.0,-0.0,0.0,0.0,-0.0,0.0,0.0,False,
beat_v5_detector_ensemble_dual_floor_q25,beat_v5_detector_ensemble_dual_floor_q25,2,0.1931471805599453,0.1523428671077744,0.16276161223562807,0.36652564224935086,0.4440660992687104,True,coverage;musecritic_mean5,0.0216070308803174,0.31478412192054733,0.7149664008270566,0.38467863976323624,0.2189335123255607,0.7449349700405072,0.2763514733278024,0.6219662233247589,0.5273825413883338,0.9791666666666667,0.2981797997125427,0.10252200321096128,0.6519347925382096,0.5284382110110855,0.9440553976226979,0.22986136451583083,0.5009956445530239,0.29848909004633506,0.10270177779221457,0.6516708751325218,0.1523428671077744,0.005648824799714097,0.5289660458224612,0.9791666666666667,0.0,0.774903539253958,0.0,2.5439453125,2.751953125,2.6869140624999996,2.658203125,2.505859375,2.974609375,0.0,0.038129867345055996,-0.051559635817109206,-0.2566758623031109,-0.27565175692184596,-0.04365350259446821,0.03195452202272131,-0.0493159701759085,-0.02691830118753924,-0.02083333333333326,-0.20385780124641995,-0.43700021210353246,-0.04140983695326739,-0.04035430341898505,0.08266813213183755,0.16636446219215756,0.01283564479528887,-0.19638777693220844,-0.4017025128627154,-0.03805083639540596,0.16276161223562807,-0.026372636640595706,-0.0470723045347079,-0.02083333333333326,0.0,-0.035747369371826876,0.0,-0.2646484375,-0.06640625,-0.16386718750000018,-0.341796875,-0.115234375,-0.03125,0.0,0.006104159207643643,-1.7873684685913438,-6.61351790392013,2.837865158826746,-3.2773437500000036,-7.84375,-0.015625000000003553,-0.0,0.0,0.0,-0.3052079603821822,-1.7384200000305632,1.1049709364330234,-0.0,0.0,0.0,False,
beat_v5_detector_ensemble_dual_floor_q25,beat_v5_detector_ensemble_dual_floor_q25,4,0.6362943611198906,0.37136410030025213,0.3817828454281058,0.36652564224935086,1.0416265642019538,True,musecritic_mean5,0.16281852212408854,0.6707757124488478,0.5147707152017497,0.5147707152017497,0.15506551868452575,0.671369677289589,0.2875543338039973,0.5066429710148391,0.5006161782583416,1.0,0.4985152268279286,0.2194848316898108,0.6632419331026784,0.49921554397139967,0.972699630890819,0.37136410030025213,0.4852663796858087,0.49921554397139967,0.22595073111365296,0.663592091674414,0.37136410030025213,0.004193272962095006,0.4985152268279286,1.0,0.0,0.8279686393774284,0.0,2.5859375,2.80078125,2.641796875,2.720703125,2.3203125,2.78125,0.0,0.023396312886246273,-0.2517553214424162,-0.12658378686459748,-0.33951975056288086,-0.11721879534538648,0.04315738249891621,-0.1646392224858283,-0.053684664317531494,0.0,-0.0035223741310340673,-0.3200373836246829,-0.03010269638879859,-0.06957697045867084,0.1113123653999587,0.30786719797657885,-0.0028936200719263394,0.004338676992856172,-0.27845355954127704,-0.026129619853513697,0.3817828454281058,-0.027828188478214798,-0.07752312352924051,0.0,0.0,0.017317730751643445,0.0,-0.22265625,-0.017578125,-0.208984375,-0.279296875,-0.30078125,-0.224609375,0.0,-0.008629395251166079,0.8658865375821723,-1.9291918657415563,3.6798989329466645,-4.1796875,-8.492773437499999,-0.5234375000000013,-0.0,0.0,0.0,0.43146976255830394,-0.5639053672740585,1.4229572582166645,-0.0,0.0,0.0,False,
beat_v5_detector_ensemble_dual_floor_q25,beat_v5_detector_ensemble_dual_floor_q25,8,1.2044415416798357,0.4714319048649972,0.4818506499928509,0.36652564224935086,1.314643764173649,True,musecritic_mean5,0.2418955625562084,0.7444810384581323,0.6145062822482177,0.6145062822482177,0.2329153077884248,0.7124068793328779,0.28123378418931355,0.5723273861014386,0.5307493578911957,1.0,0.5301484899546594,0.29450126815242655,0.6702279831860989,0.5303487792668382,0.9709942613347131,0.4714319048649972,0.5151626962725944,0.5303487792668382,0.2985547419775441,0.6703281278421883,0.4714319048649972,0.0044533874472577895,0.5301484899546594,1.0,0.0,0.8103074764175384,0.0,2.7265625,2.81640625,2.7013671875,2.853515625,2.2705078125,2.83984375,0.0,0.023639483512735933,-0.15201975439594817,-0.02684821981812946,-0.2616699614589818,-0.0761815933020975,0.03683683288423245,-0.0989548073992288,-0.023551484684677382,0.0,0.028110888995696692,-0.24502094716206718,-0.02311664630537813,-0.038443735163232295,0.1096069958438528,0.4079350025413239,0.027002696514859315,0.035471912288294716,-0.20584954867738586,-0.0193935836857394,0.4818506499928509,-0.027568073993052014,-0.04588986040250975,0.0,0.0,-0.000343432208246508,0.0,-0.08203125,-0.001953125,-0.1494140625,-0.146484375,-0.3505859375,-0.166015625,0.0,-0.00838622462467642,-0.0171716104123254,-2.581405285832329,2.5211238739834467,-2.98828125,-8.10986328125,2.9024414062499972,-0.0,0.0,0.0,0.41931123123382097,-0.4206067920551607,1.2816282718652308,-0.0,0.0,0.0,False,
beat_v5_detector_ensemble_dual_floor_q25,beat_v5_detector_ensemble_dual_floor_q25,16,1.8350887222397811,0.5448707473540209,0.5552894924818745,0.36652564224935086,1.5150085791381163,True,musecritic_mean5,0.339419333084848,0.7919242332107563,0.7603154659416003,0.7603154659416003,0.39343451817504294,0.7768535301547227,0.2599738430779601,0.6527635027934425,0.5441891627714928,1.0,0.5452115396452848,0.2856038056200708,0.669301567006565,0.5448707473540209,0.9814359444337983,0.5448707473540209,0.5342730539912999,0.5448707473540209,0.2869004098420771,0.669131170860933,0.5448707473540209,0.0028199826782038667,0.5452115396452848,1.0,0.0,0.7933915943678452,0.0,2.79296875,2.802734375,2.68828125,2.701171875,2.314453125,2.830078125,0.0,0.025444220012488382,-0.006210570702565588,0.11896096387525312,-0.10115075107236371,-0.011734942480252752,0.01557689177287902,-0.018518690707224894,-0.010111679804380325,0.0,0.04317393868632213,-0.2539184096944229,-0.02404306248491206,-0.02392176707604965,0.12004867894293803,0.4813738450303476,0.04611305423356482,0.04999388037547736,-0.21750388081285288,-0.020590540666994728,0.5552894924818745,-0.029201478762105937,-0.03082681071188431,0.0,0.0,-0.017259314257939695,0.0,-0.015625,-0.015625,-0.16249999999999964,-0.298828125,-0.306640625,-0.17578125,0.0,-0.00658148812492397,-0.8629657128969848,-3.2145913102335713,1.2191699362968738,-3.249999999999993,-8.586914062499998,2.774023437499994,-0.0,0.0,0.0,0.3290744062461985,-0.584056692887851,1.225441455911781,-0.0,0.0,0.0,False,
